--
-- PostgreSQL database dump
--

-- Dumped from database version 16.9 (Debian 16.9-1.pgdg120+1)
-- Dumped by pg_dump version 17.5

SET statement_timeout = 0;
SET lock_timeout = 0;
SET idle_in_transaction_session_timeout = 0;
SET transaction_timeout = 0;
SET client_encoding = 'UTF8';
SET standard_conforming_strings = on;
SELECT pg_catalog.set_config('search_path', '', false);
SET check_function_bodies = false;
SET xmloption = content;
SET client_min_messages = warning;
SET row_security = off;

--
-- Name: public; Type: SCHEMA; Schema: -; Owner: -
--

-- *not* creating schema, since initdb creates it


--
-- Name: pg_stat_statements; Type: EXTENSION; Schema: -; Owner: -
--

CREATE EXTENSION IF NOT EXISTS pg_stat_statements WITH SCHEMA public;


--
-- Name: EXTENSION pg_stat_statements; Type: COMMENT; Schema: -; Owner: -
--

COMMENT ON EXTENSION pg_stat_statements IS 'track planning and execution statistics of all SQL statements executed';


SET default_tablespace = '';

SET default_table_access_method = heap;

--
-- Name: accounts_user; Type: TABLE; Schema: public; Owner: -
--

CREATE TABLE public.accounts_user (
    id bigint NOT NULL,
    password character varying(128) NOT NULL,
    last_login timestamp with time zone,
    is_superuser boolean NOT NULL,
    first_name character varying(150) NOT NULL,
    last_name character varying(150) NOT NULL,
    is_staff boolean NOT NULL,
    is_active boolean NOT NULL,
    date_joined timestamp with time zone NOT NULL,
    profile_image character varying(100),
    name character varying(100) NOT NULL,
    nickname character varying(100) NOT NULL,
    username character varying(150) NOT NULL,
    email character varying(254) NOT NULL,
    country character varying(50) NOT NULL
);


--
-- Name: accounts_user_groups; Type: TABLE; Schema: public; Owner: -
--

CREATE TABLE public.accounts_user_groups (
    id bigint NOT NULL,
    user_id bigint NOT NULL,
    group_id integer NOT NULL
);


--
-- Name: accounts_user_groups_id_seq; Type: SEQUENCE; Schema: public; Owner: -
--

ALTER TABLE public.accounts_user_groups ALTER COLUMN id ADD GENERATED BY DEFAULT AS IDENTITY (
    SEQUENCE NAME public.accounts_user_groups_id_seq
    START WITH 1
    INCREMENT BY 1
    NO MINVALUE
    NO MAXVALUE
    CACHE 1
);


--
-- Name: accounts_user_id_seq; Type: SEQUENCE; Schema: public; Owner: -
--

ALTER TABLE public.accounts_user ALTER COLUMN id ADD GENERATED BY DEFAULT AS IDENTITY (
    SEQUENCE NAME public.accounts_user_id_seq
    START WITH 1
    INCREMENT BY 1
    NO MINVALUE
    NO MAXVALUE
    CACHE 1
);


--
-- Name: accounts_user_user_permissions; Type: TABLE; Schema: public; Owner: -
--

CREATE TABLE public.accounts_user_user_permissions (
    id bigint NOT NULL,
    user_id bigint NOT NULL,
    permission_id integer NOT NULL
);


--
-- Name: accounts_user_user_permissions_id_seq; Type: SEQUENCE; Schema: public; Owner: -
--

ALTER TABLE public.accounts_user_user_permissions ALTER COLUMN id ADD GENERATED BY DEFAULT AS IDENTITY (
    SEQUENCE NAME public.accounts_user_user_permissions_id_seq
    START WITH 1
    INCREMENT BY 1
    NO MINVALUE
    NO MAXVALUE
    CACHE 1
);


--
-- Name: auth_group; Type: TABLE; Schema: public; Owner: -
--

CREATE TABLE public.auth_group (
    id integer NOT NULL,
    name character varying(150) NOT NULL
);


--
-- Name: auth_group_id_seq; Type: SEQUENCE; Schema: public; Owner: -
--

ALTER TABLE public.auth_group ALTER COLUMN id ADD GENERATED BY DEFAULT AS IDENTITY (
    SEQUENCE NAME public.auth_group_id_seq
    START WITH 1
    INCREMENT BY 1
    NO MINVALUE
    NO MAXVALUE
    CACHE 1
);


--
-- Name: auth_group_permissions; Type: TABLE; Schema: public; Owner: -
--

CREATE TABLE public.auth_group_permissions (
    id bigint NOT NULL,
    group_id integer NOT NULL,
    permission_id integer NOT NULL
);


--
-- Name: auth_group_permissions_id_seq; Type: SEQUENCE; Schema: public; Owner: -
--

ALTER TABLE public.auth_group_permissions ALTER COLUMN id ADD GENERATED BY DEFAULT AS IDENTITY (
    SEQUENCE NAME public.auth_group_permissions_id_seq
    START WITH 1
    INCREMENT BY 1
    NO MINVALUE
    NO MAXVALUE
    CACHE 1
);


--
-- Name: auth_permission; Type: TABLE; Schema: public; Owner: -
--

CREATE TABLE public.auth_permission (
    id integer NOT NULL,
    name character varying(255) NOT NULL,
    content_type_id integer NOT NULL,
    codename character varying(100) NOT NULL
);


--
-- Name: auth_permission_id_seq; Type: SEQUENCE; Schema: public; Owner: -
--

ALTER TABLE public.auth_permission ALTER COLUMN id ADD GENERATED BY DEFAULT AS IDENTITY (
    SEQUENCE NAME public.auth_permission_id_seq
    START WITH 1
    INCREMENT BY 1
    NO MINVALUE
    NO MAXVALUE
    CACHE 1
);


--
-- Name: django_admin_log; Type: TABLE; Schema: public; Owner: -
--

CREATE TABLE public.django_admin_log (
    id integer NOT NULL,
    action_time timestamp with time zone NOT NULL,
    object_id text,
    object_repr character varying(200) NOT NULL,
    action_flag smallint NOT NULL,
    change_message text NOT NULL,
    content_type_id integer,
    user_id bigint NOT NULL,
    CONSTRAINT django_admin_log_action_flag_check CHECK ((action_flag >= 0))
);


--
-- Name: django_admin_log_id_seq; Type: SEQUENCE; Schema: public; Owner: -
--

ALTER TABLE public.django_admin_log ALTER COLUMN id ADD GENERATED BY DEFAULT AS IDENTITY (
    SEQUENCE NAME public.django_admin_log_id_seq
    START WITH 1
    INCREMENT BY 1
    NO MINVALUE
    NO MAXVALUE
    CACHE 1
);


--
-- Name: django_content_type; Type: TABLE; Schema: public; Owner: -
--

CREATE TABLE public.django_content_type (
    id integer NOT NULL,
    app_label character varying(100) NOT NULL,
    model character varying(100) NOT NULL
);


--
-- Name: django_content_type_id_seq; Type: SEQUENCE; Schema: public; Owner: -
--

ALTER TABLE public.django_content_type ALTER COLUMN id ADD GENERATED BY DEFAULT AS IDENTITY (
    SEQUENCE NAME public.django_content_type_id_seq
    START WITH 1
    INCREMENT BY 1
    NO MINVALUE
    NO MAXVALUE
    CACHE 1
);


--
-- Name: django_migrations; Type: TABLE; Schema: public; Owner: -
--

CREATE TABLE public.django_migrations (
    id bigint NOT NULL,
    app character varying(255) NOT NULL,
    name character varying(255) NOT NULL,
    applied timestamp with time zone NOT NULL
);


--
-- Name: django_migrations_id_seq; Type: SEQUENCE; Schema: public; Owner: -
--

ALTER TABLE public.django_migrations ALTER COLUMN id ADD GENERATED BY DEFAULT AS IDENTITY (
    SEQUENCE NAME public.django_migrations_id_seq
    START WITH 1
    INCREMENT BY 1
    NO MINVALUE
    NO MAXVALUE
    CACHE 1
);


--
-- Name: django_session; Type: TABLE; Schema: public; Owner: -
--

CREATE TABLE public.django_session (
    session_key character varying(40) NOT NULL,
    session_data text NOT NULL,
    expire_date timestamp with time zone NOT NULL
);


--
-- Name: expenses_expense; Type: TABLE; Schema: public; Owner: -
--

CREATE TABLE public.expenses_expense (
    id bigint NOT NULL,
    amount numeric(12,2) NOT NULL,
    description text,
    manual_input boolean NOT NULL,
    date date NOT NULL,
    created_at timestamp with time zone NOT NULL,
    user_id bigint NOT NULL,
    category character varying(20) NOT NULL,
    is_scan_result boolean NOT NULL,
    "time" time without time zone NOT NULL,
    currency_code character varying(10) NOT NULL,
    currency character varying(10),
    trip_id bigint
);


--
-- Name: expenses_expense_id_seq; Type: SEQUENCE; Schema: public; Owner: -
--

ALTER TABLE public.expenses_expense ALTER COLUMN id ADD GENERATED BY DEFAULT AS IDENTITY (
    SEQUENCE NAME public.expenses_expense_id_seq
    START WITH 1
    INCREMENT BY 1
    NO MINVALUE
    NO MAXVALUE
    CACHE 1
);


--
-- Name: expenses_trip; Type: TABLE; Schema: public; Owner: -
--

CREATE TABLE public.expenses_trip (
    id bigint NOT NULL,
    country character varying(5) NOT NULL,
    start_date date NOT NULL,
    end_date date NOT NULL,
    companions integer NOT NULL,
    created_at timestamp with time zone NOT NULL,
    user_id bigint NOT NULL,
    color character varying(7) NOT NULL,
    name character varying(255) NOT NULL,
    total_wallet_amount numeric(15,2) NOT NULL,
    updated_at timestamp with time zone NOT NULL,
    currency_code character varying(5) NOT NULL,
    CONSTRAINT expenses_trip_companions_check CHECK ((companions >= 0))
);


--
-- Name: expenses_trip_id_seq; Type: SEQUENCE; Schema: public; Owner: -
--

ALTER TABLE public.expenses_trip ALTER COLUMN id ADD GENERATED BY DEFAULT AS IDENTITY (
    SEQUENCE NAME public.expenses_trip_id_seq
    START WITH 1
    INCREMENT BY 1
    NO MINVALUE
    NO MAXVALUE
    CACHE 1
);


--
-- Name: expenses_wallet; Type: TABLE; Schema: public; Owner: -
--

CREATE TABLE public.expenses_wallet (
    id bigint NOT NULL,
    country_code character varying(5) NOT NULL,
    currency_code character varying(5) NOT NULL,
    created_at timestamp with time zone NOT NULL,
    trip_id bigint NOT NULL,
    user_id bigint NOT NULL,
    total_amount numeric(15,2) NOT NULL,
    converted_total_krw numeric(15,2) NOT NULL,
    denominations jsonb NOT NULL
);


--
-- Name: expenses_wallet_id_seq; Type: SEQUENCE; Schema: public; Owner: -
--

ALTER TABLE public.expenses_wallet ALTER COLUMN id ADD GENERATED BY DEFAULT AS IDENTITY (
    SEQUENCE NAME public.expenses_wallet_id_seq
    START WITH 1
    INCREMENT BY 1
    NO MINVALUE
    NO MAXVALUE
    CACHE 1
);


--
-- Name: scanner_scanresult; Type: TABLE; Schema: public; Owner: -
--

CREATE TABLE public.scanner_scanresult (
    id bigint NOT NULL,
    image character varying(100) NOT NULL,
    scan_type character varying(20) NOT NULL,
    extracted_text text,
    created_at timestamp with time zone NOT NULL,
    converted_amount numeric(12,2),
    converted_currency character varying(10),
    extracted_data jsonb
);


--
-- Name: scanner_scanresult_id_seq; Type: SEQUENCE; Schema: public; Owner: -
--

ALTER TABLE public.scanner_scanresult ALTER COLUMN id ADD GENERATED BY DEFAULT AS IDENTITY (
    SEQUENCE NAME public.scanner_scanresult_id_seq
    START WITH 1
    INCREMENT BY 1
    NO MINVALUE
    NO MAXVALUE
    CACHE 1
);


--
-- Name: token_blacklist_blacklistedtoken; Type: TABLE; Schema: public; Owner: -
--

CREATE TABLE public.token_blacklist_blacklistedtoken (
    id bigint NOT NULL,
    blacklisted_at timestamp with time zone NOT NULL,
    token_id bigint NOT NULL
);


--
-- Name: token_blacklist_blacklistedtoken_id_seq; Type: SEQUENCE; Schema: public; Owner: -
--

ALTER TABLE public.token_blacklist_blacklistedtoken ALTER COLUMN id ADD GENERATED BY DEFAULT AS IDENTITY (
    SEQUENCE NAME public.token_blacklist_blacklistedtoken_id_seq
    START WITH 1
    INCREMENT BY 1
    NO MINVALUE
    NO MAXVALUE
    CACHE 1
);


--
-- Name: token_blacklist_outstandingtoken; Type: TABLE; Schema: public; Owner: -
--

CREATE TABLE public.token_blacklist_outstandingtoken (
    id bigint NOT NULL,
    token text NOT NULL,
    created_at timestamp with time zone,
    expires_at timestamp with time zone NOT NULL,
    user_id bigint,
    jti character varying(255) NOT NULL
);


--
-- Name: token_blacklist_outstandingtoken_id_seq; Type: SEQUENCE; Schema: public; Owner: -
--

ALTER TABLE public.token_blacklist_outstandingtoken ALTER COLUMN id ADD GENERATED BY DEFAULT AS IDENTITY (
    SEQUENCE NAME public.token_blacklist_outstandingtoken_id_seq
    START WITH 1
    INCREMENT BY 1
    NO MINVALUE
    NO MAXVALUE
    CACHE 1
);


--
-- Data for Name: accounts_user; Type: TABLE DATA; Schema: public; Owner: -
--

INSERT INTO public.accounts_user (id, password, last_login, is_superuser, first_name, last_name, is_staff, is_active, date_joined, profile_image, name, nickname, username, email, country) VALUES (3, 'pbkdf2_sha256$600000$NZeB9z7JvdTCI193K210Oh$3LAWlrMwBnw0q4MLTV8LFhSqWHZNov0CbUAPqGOMj7Q=', NULL, false, '', '', false, true, '2025-05-13 15:23:45.09643+00', '', '예준', '예준', 'eunjun0626', 'eunjun03@gmail.com', '대한민국');
INSERT INTO public.accounts_user (id, password, last_login, is_superuser, first_name, last_name, is_staff, is_active, date_joined, profile_image, name, nickname, username, email, country) VALUES (1, 'pbkdf2_sha256$600000$our1vm0oJzr8dctqafW6oF$irx6ADgZ7mHSPczxi/8vmEWoC7kIoTR4AUm8qK/WUqk=', '2025-05-20 02:04:01.28914+00', true, '', '', true, true, '2025-05-13 12:45:24.892014+00', '', 'backend_admin', 'backend_admin', 'admin', 'eunjun6570@gmail.com', '대한민국');
INSERT INTO public.accounts_user (id, password, last_login, is_superuser, first_name, last_name, is_staff, is_active, date_joined, profile_image, name, nickname, username, email, country) VALUES (4, 'pbkdf2_sha256$600000$nEd36D66OVE4sUJrVXMBFx$d/nJ8nBkFBXHtuy5T405fEim3Rrcq7eF5lZBEVG4kVo=', NULL, false, '', '', false, true, '2025-05-21 07:56:09.013392+00', '', '김은하', '은하', 'kehpmn11', 'rladmsgki@naver.com', 'kr');
INSERT INTO public.accounts_user (id, password, last_login, is_superuser, first_name, last_name, is_staff, is_active, date_joined, profile_image, name, nickname, username, email, country) VALUES (5, 'pbkdf2_sha256$600000$CzgAAsPF30dZIhBErDDwwr$NjGB/oqWhBPH+bJeeluVWmhL5BtkriMQ9aSAzTdZiPc=', NULL, false, '', '', false, true, '2025-06-04 15:41:37.075385+00', '', 'monster', 'monster', 'monster', '20221336@sungshin.ac.kr', '대한민국');
INSERT INTO public.accounts_user (id, password, last_login, is_superuser, first_name, last_name, is_staff, is_active, date_joined, profile_image, name, nickname, username, email, country) VALUES (2, 'pbkdf2_sha256$600000$Sn1Y6pQPzUuSZlNeYhf65X$ji3rOqcwNM85wsn+uOjt6yRlE5k2DNK6qw0JeyC+P1k=', NULL, false, '', '', false, true, '2025-05-13 13:16:26.190597+00', '', '홍길동', '테스트유저', 'testuser', 'testuser@example.com', 'KR');
INSERT INTO public.accounts_user (id, password, last_login, is_superuser, first_name, last_name, is_staff, is_active, date_joined, profile_image, name, nickname, username, email, country) VALUES (6, 'pbkdf2_sha256$600000$MBczblB32Mb1N9UIojN8BQ$c6cKZeaO/P1yO1hDNwHunMzzeuTDCEKTKSQRkWKcwXw=', NULL, false, '', '', false, true, '2025-06-05 12:30:24.867487+00', '', '김땡땡', '캡숑', 'zxcv11', 'Qw@aa.com', '대한민국');
INSERT INTO public.accounts_user (id, password, last_login, is_superuser, first_name, last_name, is_staff, is_active, date_joined, profile_image, name, nickname, username, email, country) VALUES (7, 'pbkdf2_sha256$600000$O1LcHy79wuRpXpYJaNON37$bNLseHFujFTExU0vGXi+XDdn80lvFenL5YM7+aztNWM=', NULL, false, '', '', false, true, '2025-06-05 13:06:36.234619+00', '', '김땡땡', '캡숑', 'zxcvb11', 'kehdpmn@naver.com', '대한민국');
INSERT INTO public.accounts_user (id, password, last_login, is_superuser, first_name, last_name, is_staff, is_active, date_joined, profile_image, name, nickname, username, email, country) VALUES (8, 'pbkdf2_sha256$600000$hnN0SNW2jMxmTsPzdV380r$PVpq0HvJFYVVLtFR1b0lPMVhxBEg2aifDeT1BeU2kHc=', NULL, false, '', '', false, true, '2025-06-05 13:22:10.317598+00', '', '김땡땡', '캡숑', 'zxcvbn11', 'jdbdi@naver.com', '대한민국');
INSERT INTO public.accounts_user (id, password, last_login, is_superuser, first_name, last_name, is_staff, is_active, date_joined, profile_image, name, nickname, username, email, country) VALUES (9, 'pbkdf2_sha256$600000$lz70A2H7HuG1YRKP1TRGWH$OhdcqBUj8e8oaAqIuzVBzt+CVurvarFVVlAW8tqNk1Y=', NULL, false, '', '', false, true, '2025-06-05 14:20:21.234671+00', '', '김땡땡', '캡숑', 'zxcv123', 'rlaEod@naver.com', '대한민국');
INSERT INTO public.accounts_user (id, password, last_login, is_superuser, first_name, last_name, is_staff, is_active, date_joined, profile_image, name, nickname, username, email, country) VALUES (10, 'pbkdf2_sha256$600000$Tt7SBP15I300WjtdQ5wrzr$AW42A/aB00+EDBo8O4Tip2GGjnLDVQJXcpsb6eUPq7s=', NULL, false, '', '', false, true, '2025-06-05 14:56:17.182424+00', '', '김땡땡', '캡숑', 'zxcv1234', 'asdf@naver.com', '대한민국');
INSERT INTO public.accounts_user (id, password, last_login, is_superuser, first_name, last_name, is_staff, is_active, date_joined, profile_image, name, nickname, username, email, country) VALUES (11, 'pbkdf2_sha256$600000$qpeLILKpLnVD7w9bdhvWfd$6dQBI2YJ1MW/EBd222s1FwuqZvuKrpL5beu0DQOU+Ao=', NULL, false, '', '', false, true, '2025-06-05 15:12:46.244567+00', '', '김땡땡', '캡숑', 'zxcv12345', 'zxcvb@naver.com', '대한민국');
INSERT INTO public.accounts_user (id, password, last_login, is_superuser, first_name, last_name, is_staff, is_active, date_joined, profile_image, name, nickname, username, email, country) VALUES (12, 'pbkdf2_sha256$600000$BGCLnMPjfo3RnVDGrEowKf$ISWS6nQHqVINM3lfWxBX86k3EVcVcdqOudqJcL3CVIw=', NULL, false, '', '', false, true, '2025-06-05 15:25:08.063394+00', '', '김땡땡', '캡숑', 'zxcvb123', 'quetui@naver.com', '대한민국');


--
-- Data for Name: accounts_user_groups; Type: TABLE DATA; Schema: public; Owner: -
--



--
-- Data for Name: accounts_user_user_permissions; Type: TABLE DATA; Schema: public; Owner: -
--



--
-- Data for Name: auth_group; Type: TABLE DATA; Schema: public; Owner: -
--



--
-- Data for Name: auth_group_permissions; Type: TABLE DATA; Schema: public; Owner: -
--



--
-- Data for Name: auth_permission; Type: TABLE DATA; Schema: public; Owner: -
--

INSERT INTO public.auth_permission (id, name, content_type_id, codename) VALUES (1, 'Can add log entry', 1, 'add_logentry');
INSERT INTO public.auth_permission (id, name, content_type_id, codename) VALUES (2, 'Can change log entry', 1, 'change_logentry');
INSERT INTO public.auth_permission (id, name, content_type_id, codename) VALUES (3, 'Can delete log entry', 1, 'delete_logentry');
INSERT INTO public.auth_permission (id, name, content_type_id, codename) VALUES (4, 'Can view log entry', 1, 'view_logentry');
INSERT INTO public.auth_permission (id, name, content_type_id, codename) VALUES (5, 'Can add permission', 2, 'add_permission');
INSERT INTO public.auth_permission (id, name, content_type_id, codename) VALUES (6, 'Can change permission', 2, 'change_permission');
INSERT INTO public.auth_permission (id, name, content_type_id, codename) VALUES (7, 'Can delete permission', 2, 'delete_permission');
INSERT INTO public.auth_permission (id, name, content_type_id, codename) VALUES (8, 'Can view permission', 2, 'view_permission');
INSERT INTO public.auth_permission (id, name, content_type_id, codename) VALUES (9, 'Can add group', 3, 'add_group');
INSERT INTO public.auth_permission (id, name, content_type_id, codename) VALUES (10, 'Can change group', 3, 'change_group');
INSERT INTO public.auth_permission (id, name, content_type_id, codename) VALUES (11, 'Can delete group', 3, 'delete_group');
INSERT INTO public.auth_permission (id, name, content_type_id, codename) VALUES (12, 'Can view group', 3, 'view_group');
INSERT INTO public.auth_permission (id, name, content_type_id, codename) VALUES (13, 'Can add content type', 4, 'add_contenttype');
INSERT INTO public.auth_permission (id, name, content_type_id, codename) VALUES (14, 'Can change content type', 4, 'change_contenttype');
INSERT INTO public.auth_permission (id, name, content_type_id, codename) VALUES (15, 'Can delete content type', 4, 'delete_contenttype');
INSERT INTO public.auth_permission (id, name, content_type_id, codename) VALUES (16, 'Can view content type', 4, 'view_contenttype');
INSERT INTO public.auth_permission (id, name, content_type_id, codename) VALUES (17, 'Can add session', 5, 'add_session');
INSERT INTO public.auth_permission (id, name, content_type_id, codename) VALUES (18, 'Can change session', 5, 'change_session');
INSERT INTO public.auth_permission (id, name, content_type_id, codename) VALUES (19, 'Can delete session', 5, 'delete_session');
INSERT INTO public.auth_permission (id, name, content_type_id, codename) VALUES (20, 'Can view session', 5, 'view_session');
INSERT INTO public.auth_permission (id, name, content_type_id, codename) VALUES (21, 'Can add user', 6, 'add_user');
INSERT INTO public.auth_permission (id, name, content_type_id, codename) VALUES (22, 'Can change user', 6, 'change_user');
INSERT INTO public.auth_permission (id, name, content_type_id, codename) VALUES (23, 'Can delete user', 6, 'delete_user');
INSERT INTO public.auth_permission (id, name, content_type_id, codename) VALUES (24, 'Can view user', 6, 'view_user');
INSERT INTO public.auth_permission (id, name, content_type_id, codename) VALUES (25, 'Can add expense', 7, 'add_expense');
INSERT INTO public.auth_permission (id, name, content_type_id, codename) VALUES (26, 'Can change expense', 7, 'change_expense');
INSERT INTO public.auth_permission (id, name, content_type_id, codename) VALUES (27, 'Can delete expense', 7, 'delete_expense');
INSERT INTO public.auth_permission (id, name, content_type_id, codename) VALUES (28, 'Can view expense', 7, 'view_expense');
INSERT INTO public.auth_permission (id, name, content_type_id, codename) VALUES (29, 'Can add trip', 8, 'add_trip');
INSERT INTO public.auth_permission (id, name, content_type_id, codename) VALUES (30, 'Can change trip', 8, 'change_trip');
INSERT INTO public.auth_permission (id, name, content_type_id, codename) VALUES (31, 'Can delete trip', 8, 'delete_trip');
INSERT INTO public.auth_permission (id, name, content_type_id, codename) VALUES (32, 'Can view trip', 8, 'view_trip');
INSERT INTO public.auth_permission (id, name, content_type_id, codename) VALUES (33, 'Can add wallet', 9, 'add_wallet');
INSERT INTO public.auth_permission (id, name, content_type_id, codename) VALUES (34, 'Can change wallet', 9, 'change_wallet');
INSERT INTO public.auth_permission (id, name, content_type_id, codename) VALUES (35, 'Can delete wallet', 9, 'delete_wallet');
INSERT INTO public.auth_permission (id, name, content_type_id, codename) VALUES (36, 'Can view wallet', 9, 'view_wallet');
INSERT INTO public.auth_permission (id, name, content_type_id, codename) VALUES (37, 'Can add scan result', 10, 'add_scanresult');
INSERT INTO public.auth_permission (id, name, content_type_id, codename) VALUES (38, 'Can change scan result', 10, 'change_scanresult');
INSERT INTO public.auth_permission (id, name, content_type_id, codename) VALUES (39, 'Can delete scan result', 10, 'delete_scanresult');
INSERT INTO public.auth_permission (id, name, content_type_id, codename) VALUES (40, 'Can view scan result', 10, 'view_scanresult');
INSERT INTO public.auth_permission (id, name, content_type_id, codename) VALUES (41, 'Can add blacklisted token', 11, 'add_blacklistedtoken');
INSERT INTO public.auth_permission (id, name, content_type_id, codename) VALUES (42, 'Can change blacklisted token', 11, 'change_blacklistedtoken');
INSERT INTO public.auth_permission (id, name, content_type_id, codename) VALUES (43, 'Can delete blacklisted token', 11, 'delete_blacklistedtoken');
INSERT INTO public.auth_permission (id, name, content_type_id, codename) VALUES (44, 'Can view blacklisted token', 11, 'view_blacklistedtoken');
INSERT INTO public.auth_permission (id, name, content_type_id, codename) VALUES (45, 'Can add outstanding token', 12, 'add_outstandingtoken');
INSERT INTO public.auth_permission (id, name, content_type_id, codename) VALUES (46, 'Can change outstanding token', 12, 'change_outstandingtoken');
INSERT INTO public.auth_permission (id, name, content_type_id, codename) VALUES (47, 'Can delete outstanding token', 12, 'delete_outstandingtoken');
INSERT INTO public.auth_permission (id, name, content_type_id, codename) VALUES (48, 'Can view outstanding token', 12, 'view_outstandingtoken');


--
-- Data for Name: django_admin_log; Type: TABLE DATA; Schema: public; Owner: -
--



--
-- Data for Name: django_content_type; Type: TABLE DATA; Schema: public; Owner: -
--

INSERT INTO public.django_content_type (id, app_label, model) VALUES (1, 'admin', 'logentry');
INSERT INTO public.django_content_type (id, app_label, model) VALUES (2, 'auth', 'permission');
INSERT INTO public.django_content_type (id, app_label, model) VALUES (3, 'auth', 'group');
INSERT INTO public.django_content_type (id, app_label, model) VALUES (4, 'contenttypes', 'contenttype');
INSERT INTO public.django_content_type (id, app_label, model) VALUES (5, 'sessions', 'session');
INSERT INTO public.django_content_type (id, app_label, model) VALUES (6, 'accounts', 'user');
INSERT INTO public.django_content_type (id, app_label, model) VALUES (7, 'expenses', 'expense');
INSERT INTO public.django_content_type (id, app_label, model) VALUES (8, 'expenses', 'trip');
INSERT INTO public.django_content_type (id, app_label, model) VALUES (9, 'expenses', 'wallet');
INSERT INTO public.django_content_type (id, app_label, model) VALUES (10, 'scanner', 'scanresult');
INSERT INTO public.django_content_type (id, app_label, model) VALUES (11, 'token_blacklist', 'blacklistedtoken');
INSERT INTO public.django_content_type (id, app_label, model) VALUES (12, 'token_blacklist', 'outstandingtoken');


--
-- Data for Name: django_migrations; Type: TABLE DATA; Schema: public; Owner: -
--

INSERT INTO public.django_migrations (id, app, name, applied) VALUES (1, 'contenttypes', '0001_initial', '2025-05-13 12:43:19.356175+00');
INSERT INTO public.django_migrations (id, app, name, applied) VALUES (2, 'contenttypes', '0002_remove_content_type_name', '2025-05-13 12:43:19.819282+00');
INSERT INTO public.django_migrations (id, app, name, applied) VALUES (3, 'auth', '0001_initial', '2025-05-13 12:43:21.172158+00');
INSERT INTO public.django_migrations (id, app, name, applied) VALUES (4, 'auth', '0002_alter_permission_name_max_length', '2025-05-13 12:43:21.473472+00');
INSERT INTO public.django_migrations (id, app, name, applied) VALUES (5, 'auth', '0003_alter_user_email_max_length', '2025-05-13 12:43:21.778052+00');
INSERT INTO public.django_migrations (id, app, name, applied) VALUES (6, 'auth', '0004_alter_user_username_opts', '2025-05-13 12:43:22.098787+00');
INSERT INTO public.django_migrations (id, app, name, applied) VALUES (7, 'auth', '0005_alter_user_last_login_null', '2025-05-13 12:43:22.409399+00');
INSERT INTO public.django_migrations (id, app, name, applied) VALUES (8, 'auth', '0006_require_contenttypes_0002', '2025-05-13 12:43:22.796619+00');
INSERT INTO public.django_migrations (id, app, name, applied) VALUES (9, 'auth', '0007_alter_validators_add_error_messages', '2025-05-13 12:43:23.141323+00');
INSERT INTO public.django_migrations (id, app, name, applied) VALUES (10, 'auth', '0008_alter_user_username_max_length', '2025-05-13 12:43:23.447912+00');
INSERT INTO public.django_migrations (id, app, name, applied) VALUES (11, 'auth', '0009_alter_user_last_name_max_length', '2025-05-13 12:43:23.75476+00');
INSERT INTO public.django_migrations (id, app, name, applied) VALUES (12, 'auth', '0010_alter_group_name_max_length', '2025-05-13 12:43:24.138538+00');
INSERT INTO public.django_migrations (id, app, name, applied) VALUES (13, 'auth', '0011_update_proxy_permissions', '2025-05-13 12:43:24.468216+00');
INSERT INTO public.django_migrations (id, app, name, applied) VALUES (14, 'auth', '0012_alter_user_first_name_max_length', '2025-05-13 12:43:24.777877+00');
INSERT INTO public.django_migrations (id, app, name, applied) VALUES (15, 'accounts', '0001_initial', '2025-05-13 12:43:26.662461+00');
INSERT INTO public.django_migrations (id, app, name, applied) VALUES (16, 'admin', '0001_initial', '2025-05-13 12:43:27.454563+00');
INSERT INTO public.django_migrations (id, app, name, applied) VALUES (17, 'admin', '0002_logentry_remove_auto_add', '2025-05-13 12:43:27.749417+00');
INSERT INTO public.django_migrations (id, app, name, applied) VALUES (18, 'admin', '0003_logentry_add_action_flag_choices', '2025-05-13 12:43:28.071425+00');
INSERT INTO public.django_migrations (id, app, name, applied) VALUES (19, 'expenses', '0001_initial', '2025-05-13 12:43:28.701476+00');
INSERT INTO public.django_migrations (id, app, name, applied) VALUES (20, 'expenses', '0002_trip_wallet', '2025-05-13 12:43:29.743671+00');
INSERT INTO public.django_migrations (id, app, name, applied) VALUES (21, 'scanner', '0001_initial', '2025-05-13 12:43:30.31635+00');
INSERT INTO public.django_migrations (id, app, name, applied) VALUES (22, 'scanner', '0002_auto_20250408_0133', '2025-05-13 12:43:31.242623+00');
INSERT INTO public.django_migrations (id, app, name, applied) VALUES (23, 'sessions', '0001_initial', '2025-05-13 12:43:31.871499+00');
INSERT INTO public.django_migrations (id, app, name, applied) VALUES (24, 'token_blacklist', '0001_initial', '2025-05-13 12:43:32.669718+00');
INSERT INTO public.django_migrations (id, app, name, applied) VALUES (25, 'token_blacklist', '0002_outstandingtoken_jti_hex', '2025-05-13 12:43:33.005445+00');
INSERT INTO public.django_migrations (id, app, name, applied) VALUES (26, 'token_blacklist', '0003_auto_20171017_2007', '2025-05-13 12:43:33.451123+00');
INSERT INTO public.django_migrations (id, app, name, applied) VALUES (27, 'token_blacklist', '0004_auto_20171017_2013', '2025-05-13 12:43:34.015273+00');
INSERT INTO public.django_migrations (id, app, name, applied) VALUES (28, 'token_blacklist', '0005_remove_outstandingtoken_jti', '2025-05-13 12:43:34.446174+00');
INSERT INTO public.django_migrations (id, app, name, applied) VALUES (29, 'token_blacklist', '0006_auto_20171017_2113', '2025-05-13 12:43:34.846572+00');
INSERT INTO public.django_migrations (id, app, name, applied) VALUES (30, 'token_blacklist', '0007_auto_20171017_2214', '2025-05-13 12:43:35.657158+00');
INSERT INTO public.django_migrations (id, app, name, applied) VALUES (31, 'token_blacklist', '0008_migrate_to_bigautofield', '2025-05-13 12:43:36.911776+00');
INSERT INTO public.django_migrations (id, app, name, applied) VALUES (32, 'token_blacklist', '0010_fix_migrate_to_bigautofield', '2025-05-13 12:43:37.261131+00');
INSERT INTO public.django_migrations (id, app, name, applied) VALUES (33, 'token_blacklist', '0011_linearizes_history', '2025-05-13 12:43:37.57536+00');
INSERT INTO public.django_migrations (id, app, name, applied) VALUES (34, 'token_blacklist', '0012_alter_outstandingtoken_user', '2025-05-13 12:43:37.908087+00');
INSERT INTO public.django_migrations (id, app, name, applied) VALUES (35, 'accounts', '0002_alter_user_id', '2025-05-25 03:35:43.249887+00');
INSERT INTO public.django_migrations (id, app, name, applied) VALUES (36, 'expenses', '0003_expense_category_expense_is_scan_result_expense_time_and_more', '2025-05-25 03:35:44.425231+00');
INSERT INTO public.django_migrations (id, app, name, applied) VALUES (37, 'scanner', '0003_alter_scanresult_id', '2025-05-25 03:35:44.972718+00');
INSERT INTO public.django_migrations (id, app, name, applied) VALUES (38, 'expenses', '0004_wallet_total_amount_alter_expense_category', '2025-06-03 13:17:15.605696+00');
INSERT INTO public.django_migrations (id, app, name, applied) VALUES (39, 'expenses', '0005_alter_trip_options_trip_total_wallet_amount_and_more', '2025-06-03 13:23:36.667362+00');
INSERT INTO public.django_migrations (id, app, name, applied) VALUES (40, 'expenses', '0006_wallet_exchange_rate', '2025-06-03 14:41:53.208968+00');
INSERT INTO public.django_migrations (id, app, name, applied) VALUES (41, 'expenses', '0007_remove_wallet_exchange_rate_trip_currency_code_and_more', '2025-06-03 14:48:16.552358+00');
INSERT INTO public.django_migrations (id, app, name, applied) VALUES (42, 'expenses', '0008_wallet_converted_total_krw', '2025-06-03 15:18:48.274018+00');
INSERT INTO public.django_migrations (id, app, name, applied) VALUES (43, 'expenses', '0009_alter_wallet_converted_total_krw', '2025-06-03 17:09:49.464082+00');
INSERT INTO public.django_migrations (id, app, name, applied) VALUES (44, 'expenses', '0010_remove_trip_exchange_rate_to_krw', '2025-06-03 18:27:16.975018+00');
INSERT INTO public.django_migrations (id, app, name, applied) VALUES (45, 'expenses', '0011_alter_wallet_options_alter_wallet_unique_together_and_more', '2025-06-04 05:39:06.614376+00');
INSERT INTO public.django_migrations (id, app, name, applied) VALUES (46, 'expenses', '0012_expense_currency_expense_trip_and_more', '2025-06-04 19:05:56.659442+00');
INSERT INTO public.django_migrations (id, app, name, applied) VALUES (47, 'expenses', '0013_alter_wallet_unique_together', '2025-06-06 16:48:27.666175+00');


--
-- Data for Name: django_session; Type: TABLE DATA; Schema: public; Owner: -
--

INSERT INTO public.django_session (session_key, session_data, expire_date) VALUES ('ubc9k8xskqiyejsdc0rznde3537nf88c', '.eJxVjEsOwjAMBe-SNYoSt25aluw5Q-XYDimgROpnhbg7VOoCtm9m3suMtK153Badx0nM2Xhz-t0i8UPLDuRO5VYt17LOU7S7Yg-62GsVfV4O9-8g05K_dSNMgDCItg4l-ujDgC4FHTAR9w4aws4LNn0CxU6cAIE6aLnzHBKb9wfkGTfw:1uHCKn:TvyNUcsKAC6ifZASVTNrdQxzEayU5pGq-aIzRucYEzY', '2025-06-03 02:04:01.362192+00');


--
-- Data for Name: expenses_expense; Type: TABLE DATA; Schema: public; Owner: -
--

INSERT INTO public.expenses_expense (id, amount, description, manual_input, date, created_at, user_id, category, is_scan_result, "time", currency_code, currency, trip_id) VALUES (27, 8000.00, '택시비', false, '2025-06-03', '2025-06-03 02:49:13.075839+00', 2, 'ETC', false, '11:49:13.07583', 'KRW', NULL, NULL);
INSERT INTO public.expenses_expense (id, amount, description, manual_input, date, created_at, user_id, category, is_scan_result, "time", currency_code, currency, trip_id) VALUES (28, 450.00, '치즈버거 (チーズバーガー)', false, '2025-06-03', '2025-06-03 08:54:54.231995+00', 2, 'FOOD', true, '17:54:54.231976', 'KRW', NULL, NULL);
INSERT INTO public.expenses_expense (id, amount, description, manual_input, date, created_at, user_id, category, is_scan_result, "time", currency_code, currency, trip_id) VALUES (29, 200.00, '감자튀김 (ポテト)', false, '2025-06-03', '2025-06-03 08:54:54.237659+00', 2, 'FOOD', true, '17:54:54.23765', 'KRW', NULL, NULL);
INSERT INTO public.expenses_expense (id, amount, description, manual_input, date, created_at, user_id, category, is_scan_result, "time", currency_code, currency, trip_id) VALUES (33, 1000.00, '스시', true, '2025-06-04', '2025-06-04 14:44:32.1906+00', 3, 'FOOD', false, '23:44:32.19058', '', NULL, NULL);
INSERT INTO public.expenses_expense (id, amount, description, manual_input, date, created_at, user_id, category, is_scan_result, "time", currency_code, currency, trip_id) VALUES (34, 1000.00, '스시', true, '2025-06-05', '2025-06-04 16:16:18.752643+00', 2, 'FOOD', false, '01:16:18.752631', '', NULL, NULL);
INSERT INTO public.expenses_expense (id, amount, description, manual_input, date, created_at, user_id, category, is_scan_result, "time", currency_code, currency, trip_id) VALUES (35, 1000.00, '스시', true, '2025-06-05', '2025-06-04 18:20:17.133862+00', 2, 'FOOD', false, '03:20:17.133849', '', NULL, NULL);
INSERT INTO public.expenses_expense (id, amount, description, manual_input, date, created_at, user_id, category, is_scan_result, "time", currency_code, currency, trip_id) VALUES (36, 70.00, '소고기와 중국 브로콜리 볶음', false, '2025-06-05', '2025-06-04 19:16:16.033456+00', 2, 'OTHER', true, '04:16:16.033439', '', 'USD', 12);
INSERT INTO public.expenses_expense (id, amount, description, manual_input, date, created_at, user_id, category, is_scan_result, "time", currency_code, currency, trip_id) VALUES (37, 35.00, '토마토와 계란 볶음', false, '2025-06-05', '2025-06-04 19:16:16.129593+00', 2, 'OTHER', true, '04:16:16.129584', '', 'USD', 12);
INSERT INTO public.expenses_expense (id, amount, description, manual_input, date, created_at, user_id, category, is_scan_result, "time", currency_code, currency, trip_id) VALUES (38, 70.00, '소고기와 중국 브로콜리 볶음', false, '2025-06-05', '2025-06-04 19:19:34.318397+00', 2, 'OTHER', true, '04:19:34.318387', '', 'USD', 12);
INSERT INTO public.expenses_expense (id, amount, description, manual_input, date, created_at, user_id, category, is_scan_result, "time", currency_code, currency, trip_id) VALUES (39, 35.00, '토마토와 계란 볶음', false, '2025-06-05', '2025-06-04 19:19:34.321754+00', 2, 'OTHER', true, '04:19:34.321744', '', 'USD', 12);
INSERT INTO public.expenses_expense (id, amount, description, manual_input, date, created_at, user_id, category, is_scan_result, "time", currency_code, currency, trip_id) VALUES (40, 70.00, '소고기와 중국 브로콜리 볶음', false, '2025-06-05', '2025-06-04 20:12:41.192331+00', 2, 'OTHER', true, '05:12:41.192319', '', 'USD', 12);
INSERT INTO public.expenses_expense (id, amount, description, manual_input, date, created_at, user_id, category, is_scan_result, "time", currency_code, currency, trip_id) VALUES (41, 35.00, '토마토와 계란 볶음', false, '2025-06-05', '2025-06-04 20:12:41.195748+00', 2, 'OTHER', true, '05:12:41.195739', '', 'USD', 12);
INSERT INTO public.expenses_expense (id, amount, description, manual_input, date, created_at, user_id, category, is_scan_result, "time", currency_code, currency, trip_id) VALUES (42, 52.00, '볶음 돼지고기 슬라이스, 중국산 얌, 검은버섯', false, '2025-06-05', '2025-06-04 20:58:10.118014+00', 2, 'FOOD', true, '05:58:10.117985', '', 'USD', 12);
INSERT INTO public.expenses_expense (id, amount, description, manual_input, date, created_at, user_id, category, is_scan_result, "time", currency_code, currency, trip_id) VALUES (43, 70.00, '야채를 곁들인 간장 돼지 내장 조림', false, '2025-06-05', '2025-06-04 20:58:10.121387+00', 2, 'FOOD', true, '05:58:10.121378', '', 'USD', 12);
INSERT INTO public.expenses_expense (id, amount, description, manual_input, date, created_at, user_id, category, is_scan_result, "time", currency_code, currency, trip_id) VALUES (44, 52.00, '볶음 돼지고기 슬라이스, 중국산 얌, 검은버섯', false, '2025-06-05', '2025-06-05 07:35:50.422398+00', 2, 'FOOD', true, '16:35:50.42239', '', 'USD', 12);
INSERT INTO public.expenses_expense (id, amount, description, manual_input, date, created_at, user_id, category, is_scan_result, "time", currency_code, currency, trip_id) VALUES (45, 70.00, '야채를 곁들인 간장 돼지 내장 조림', false, '2025-06-05', '2025-06-05 07:35:50.425984+00', 2, 'FOOD', true, '16:35:50.425977', '', 'USD', 12);
INSERT INTO public.expenses_expense (id, amount, description, manual_input, date, created_at, user_id, category, is_scan_result, "time", currency_code, currency, trip_id) VALUES (46, 1000.00, '스시', true, '2025-06-05', '2025-06-05 07:36:58.657097+00', 2, 'FOOD', false, '16:36:58.657085', '', 'JPY', NULL);
INSERT INTO public.expenses_expense (id, amount, description, manual_input, date, created_at, user_id, category, is_scan_result, "time", currency_code, currency, trip_id) VALUES (47, 52.00, '볶음 돼지고기 슬라이스, 중국산 얌, 검은버섯', false, '2025-06-05', '2025-06-05 08:11:03.073073+00', 2, 'FOOD', true, '17:11:03.073021', '', 'USD', 12);
INSERT INTO public.expenses_expense (id, amount, description, manual_input, date, created_at, user_id, category, is_scan_result, "time", currency_code, currency, trip_id) VALUES (48, 70.00, '야채를 곁들인 간장 돼지 내장 조림', false, '2025-06-05', '2025-06-05 08:11:03.076898+00', 2, 'FOOD', true, '17:11:03.076888', '', NULL, 12);
INSERT INTO public.expenses_expense (id, amount, description, manual_input, date, created_at, user_id, category, is_scan_result, "time", currency_code, currency, trip_id) VALUES (49, 52.00, '볶음 돼지고기 슬라이스, 중국산 얌, 검은버섯', false, '2025-06-05', '2025-06-05 08:11:56.006304+00', 2, 'FOOD', true, '17:11:56.006291', '', 'USD', 12);
INSERT INTO public.expenses_expense (id, amount, description, manual_input, date, created_at, user_id, category, is_scan_result, "time", currency_code, currency, trip_id) VALUES (50, 70.00, '야채를 곁들인 간장 돼지 내장 조림', false, '2025-06-05', '2025-06-05 08:11:56.009874+00', 2, 'FOOD', true, '17:11:56.009866', '', 'USD', 12);
INSERT INTO public.expenses_expense (id, amount, description, manual_input, date, created_at, user_id, category, is_scan_result, "time", currency_code, currency, trip_id) VALUES (51, 10.00, '스시', true, '2025-06-05', '2025-06-05 08:24:59.673902+00', 4, 'FOOD', false, '17:24:59.673888', '', 'USD', NULL);
INSERT INTO public.expenses_expense (id, amount, description, manual_input, date, created_at, user_id, category, is_scan_result, "time", currency_code, currency, trip_id) VALUES (52, 10.00, '스시', true, '2025-06-05', '2025-06-05 08:25:17.846196+00', 4, 'FOOD', false, '17:25:17.846183', '', 'USD', NULL);
INSERT INTO public.expenses_expense (id, amount, description, manual_input, date, created_at, user_id, category, is_scan_result, "time", currency_code, currency, trip_id) VALUES (53, 88.00, 'dd', true, '2025-06-05', '2025-06-05 08:26:55.942508+00', 4, 'ETC', false, '17:26:55.942498', '', 'USD', NULL);
INSERT INTO public.expenses_expense (id, amount, description, manual_input, date, created_at, user_id, category, is_scan_result, "time", currency_code, currency, trip_id) VALUES (54, 52.00, '볶음 돼지고기 슬라이스, 중국산 얌, 검은버섯', false, '2025-06-05', '2025-06-05 09:59:34.444973+00', 2, 'FOOD', true, '18:59:34.444957', '', 'USD', 12);
INSERT INTO public.expenses_expense (id, amount, description, manual_input, date, created_at, user_id, category, is_scan_result, "time", currency_code, currency, trip_id) VALUES (55, 70.00, '야채를 곁들인 간장 돼지 내장 조림', false, '2025-06-05', '2025-06-05 09:59:34.448654+00', 2, 'FOOD', true, '18:59:34.448647', '', 'USD', 12);
INSERT INTO public.expenses_expense (id, amount, description, manual_input, date, created_at, user_id, category, is_scan_result, "time", currency_code, currency, trip_id) VALUES (56, 52.00, '볶음 돼지고기 슬라이스, 중국산 얌, 검은버섯', false, '2025-06-05', '2025-06-05 09:59:43.882535+00', 2, 'FOOD', true, '18:59:43.882519', '', 'USD', 12);
INSERT INTO public.expenses_expense (id, amount, description, manual_input, date, created_at, user_id, category, is_scan_result, "time", currency_code, currency, trip_id) VALUES (57, 70.00, '야채를 곁들인 간장 돼지 내장 조림', false, '2025-06-05', '2025-06-05 09:59:43.885763+00', 2, 'FOOD', true, '18:59:43.885752', '', 'USD', 12);
INSERT INTO public.expenses_expense (id, amount, description, manual_input, date, created_at, user_id, category, is_scan_result, "time", currency_code, currency, trip_id) VALUES (58, 1000.00, '스시', true, '2025-06-05', '2025-06-05 10:34:04.042673+00', 4, 'FOOD', false, '19:34:04.042657', '', 'JPY', NULL);
INSERT INTO public.expenses_expense (id, amount, description, manual_input, date, created_at, user_id, category, is_scan_result, "time", currency_code, currency, trip_id) VALUES (59, 3.70, '더블더블', false, '2025-06-05', '2025-06-05 12:12:48.882499+00', 4, 'FOOD', true, '21:12:48.882487', '', 'USD', 9);
INSERT INTO public.expenses_expense (id, amount, description, manual_input, date, created_at, user_id, category, is_scan_result, "time", currency_code, currency, trip_id) VALUES (60, 2.55, '치즈버거', false, '2025-06-05', '2025-06-05 12:12:48.886027+00', 4, 'FOOD', true, '21:12:48.886018', '', 'USD', 9);
INSERT INTO public.expenses_expense (id, amount, description, manual_input, date, created_at, user_id, category, is_scan_result, "time", currency_code, currency, trip_id) VALUES (61, 3.70, '더블더블', false, '2025-06-05', '2025-06-05 12:13:37.043174+00', 4, 'FOOD', true, '21:13:37.043165', '', 'USD', 9);
INSERT INTO public.expenses_expense (id, amount, description, manual_input, date, created_at, user_id, category, is_scan_result, "time", currency_code, currency, trip_id) VALUES (62, 2.55, '치즈버거', false, '2025-06-05', '2025-06-05 12:13:37.047881+00', 4, 'FOOD', true, '21:13:37.047875', '', 'USD', 9);
INSERT INTO public.expenses_expense (id, amount, description, manual_input, date, created_at, user_id, category, is_scan_result, "time", currency_code, currency, trip_id) VALUES (63, 3.60, '더블 더블', false, '2025-06-05', '2025-06-05 12:27:32.551601+00', 4, 'FOOD', true, '21:27:32.551344', '', 'USD', 5);
INSERT INTO public.expenses_expense (id, amount, description, manual_input, date, created_at, user_id, category, is_scan_result, "time", currency_code, currency, trip_id) VALUES (64, 3.70, '더블 치즈버거', false, '2025-06-05', '2025-06-05 12:27:32.555036+00', 4, 'FOOD', true, '21:27:32.555027', '', 'USD', 5);
INSERT INTO public.expenses_expense (id, amount, description, manual_input, date, created_at, user_id, category, is_scan_result, "time", currency_code, currency, trip_id) VALUES (65, 1000.00, '스시', true, '2025-06-05', '2025-06-05 14:27:13.405606+00', 9, 'FOOD', false, '23:27:13.405589', '', 'JPY', NULL);
INSERT INTO public.expenses_expense (id, amount, description, manual_input, date, created_at, user_id, category, is_scan_result, "time", currency_code, currency, trip_id) VALUES (66, 10.00, 'ㅇㅇ', true, '2025-06-05', '2025-06-05 14:35:33.54612+00', 9, 'TRANSPORT', false, '23:35:33.546106', '', 'USD', NULL);
INSERT INTO public.expenses_expense (id, amount, description, manual_input, date, created_at, user_id, category, is_scan_result, "time", currency_code, currency, trip_id) VALUES (67, 52.00, '볶음 돼지고기 슬라이스, 중국산 얌, 검은버섯', false, '2025-06-05', '2025-06-05 14:46:08.492644+00', 2, 'FOOD', true, '23:46:08.492633', '', 'USD', 12);
INSERT INTO public.expenses_expense (id, amount, description, manual_input, date, created_at, user_id, category, is_scan_result, "time", currency_code, currency, trip_id) VALUES (68, 70.00, '야채를 곁들인 간장 돼지 내장 조림', false, '2025-06-05', '2025-06-05 14:46:08.496206+00', 2, 'FOOD', true, '23:46:08.496199', '', 'USD', 12);
INSERT INTO public.expenses_expense (id, amount, description, manual_input, date, created_at, user_id, category, is_scan_result, "time", currency_code, currency, trip_id) VALUES (69, 52.00, '볶음 돼지고기 슬라이스, 중국산 얌, 검은버섯', false, '2025-06-05', '2025-06-05 14:52:41.721429+00', 2, 'FOOD', true, '23:52:41.721418', '', 'USD', 12);
INSERT INTO public.expenses_expense (id, amount, description, manual_input, date, created_at, user_id, category, is_scan_result, "time", currency_code, currency, trip_id) VALUES (70, 70.00, '야채를 곁들인 간장 돼지 내장 조림', false, '2025-06-05', '2025-06-05 14:52:41.724523+00', 2, 'FOOD', true, '23:52:41.724515', '', 'USD', 12);
INSERT INTO public.expenses_expense (id, amount, description, manual_input, date, created_at, user_id, category, is_scan_result, "time", currency_code, currency, trip_id) VALUES (71, 52.00, '볶음 돼지고기 슬라이스, 중국산 얌, 검은버섯', false, '2025-06-05', '2025-06-05 14:53:06.37936+00', 2, 'FOOD', true, '23:53:06.379351', '', 'USD', 12);
INSERT INTO public.expenses_expense (id, amount, description, manual_input, date, created_at, user_id, category, is_scan_result, "time", currency_code, currency, trip_id) VALUES (72, 70.00, '야채를 곁들인 간장 돼지 내장 조림', false, '2025-06-05', '2025-06-05 14:53:06.427066+00', 2, 'FOOD', true, '23:53:06.427054', '', 'USD', 12);
INSERT INTO public.expenses_expense (id, amount, description, manual_input, date, created_at, user_id, category, is_scan_result, "time", currency_code, currency, trip_id) VALUES (73, 52.00, '볶음 돼지고기 슬라이스, 중국산 얌, 검은버섯', false, '2025-06-05', '2025-06-05 14:54:16.732858+00', 2, 'FOOD', true, '23:54:16.732848', '', 'USD', 4);
INSERT INTO public.expenses_expense (id, amount, description, manual_input, date, created_at, user_id, category, is_scan_result, "time", currency_code, currency, trip_id) VALUES (74, 70.00, '야채를 곁들인 간장 돼지 내장 조림', false, '2025-06-05', '2025-06-05 14:54:16.736326+00', 2, 'FOOD', true, '23:54:16.736318', '', 'USD', 4);
INSERT INTO public.expenses_expense (id, amount, description, manual_input, date, created_at, user_id, category, is_scan_result, "time", currency_code, currency, trip_id) VALUES (75, 10.00, '옷', true, '2025-06-05', '2025-06-05 14:57:56.78653+00', 10, 'SHOPPING', false, '23:57:56.786515', '', 'USD', NULL);
INSERT INTO public.expenses_expense (id, amount, description, manual_input, date, created_at, user_id, category, is_scan_result, "time", currency_code, currency, trip_id) VALUES (76, 3.70, '더블더블', false, '2025-06-06', '2025-06-05 15:01:07.414956+00', 10, 'FOOD', true, '00:01:07.414947', '', 'USD', 17);
INSERT INTO public.expenses_expense (id, amount, description, manual_input, date, created_at, user_id, category, is_scan_result, "time", currency_code, currency, trip_id) VALUES (77, 2.25, '햄버거', false, '2025-06-06', '2025-06-05 15:01:07.418346+00', 10, 'FOOD', true, '00:01:07.418339', '', 'USD', 17);
INSERT INTO public.expenses_expense (id, amount, description, manual_input, date, created_at, user_id, category, is_scan_result, "time", currency_code, currency, trip_id) VALUES (78, 2.55, '치즈버거', false, '2025-06-06', '2025-06-05 15:02:06.690659+00', 10, 'FOOD', true, '00:02:06.690651', '', 'USD', 17);
INSERT INTO public.expenses_expense (id, amount, description, manual_input, date, created_at, user_id, category, is_scan_result, "time", currency_code, currency, trip_id) VALUES (79, 1.70, '감자 튀김', false, '2025-06-06', '2025-06-05 15:02:06.695551+00', 10, 'FOOD', true, '00:02:06.695546', '', 'USD', 17);
INSERT INTO public.expenses_expense (id, amount, description, manual_input, date, created_at, user_id, category, is_scan_result, "time", currency_code, currency, trip_id) VALUES (80, 2.25, '햄버거', false, '2025-06-06', '2025-06-05 15:02:06.698218+00', 10, 'FOOD', true, '00:02:06.698214', '', 'USD', 17);
INSERT INTO public.expenses_expense (id, amount, description, manual_input, date, created_at, user_id, category, is_scan_result, "time", currency_code, currency, trip_id) VALUES (81, 3.70, '더블더블', false, '2025-06-06', '2025-06-05 15:07:12.784038+00', 10, 'FOOD', true, '00:07:12.784031', '', 'USD', 17);
INSERT INTO public.expenses_expense (id, amount, description, manual_input, date, created_at, user_id, category, is_scan_result, "time", currency_code, currency, trip_id) VALUES (82, 2.55, '치즈버거', false, '2025-06-06', '2025-06-05 15:07:12.825808+00', 10, 'FOOD', true, '00:07:12.8258', '', 'USD', 17);
INSERT INTO public.expenses_expense (id, amount, description, manual_input, date, created_at, user_id, category, is_scan_result, "time", currency_code, currency, trip_id) VALUES (83, 2.25, '햄버거', false, '2025-06-06', '2025-06-05 15:07:12.829195+00', 10, 'FOOD', true, '00:07:12.829187', '', 'USD', 17);
INSERT INTO public.expenses_expense (id, amount, description, manual_input, date, created_at, user_id, category, is_scan_result, "time", currency_code, currency, trip_id) VALUES (84, 100.00, '옷', true, '2025-06-06', '2025-06-05 15:14:28.024703+00', 11, 'SHOPPING', false, '00:14:28.024693', '', 'USD', NULL);
INSERT INTO public.expenses_expense (id, amount, description, manual_input, date, created_at, user_id, category, is_scan_result, "time", currency_code, currency, trip_id) VALUES (85, 3.70, '더블더블', false, '2025-06-06', '2025-06-05 15:17:48.041882+00', 11, 'FOOD', true, '00:17:48.041873', '', 'USD', 18);
INSERT INTO public.expenses_expense (id, amount, description, manual_input, date, created_at, user_id, category, is_scan_result, "time", currency_code, currency, trip_id) VALUES (86, 2.55, '치즈버거', false, '2025-06-06', '2025-06-05 15:17:48.04772+00', 11, 'FOOD', true, '00:17:48.047713', '', 'USD', 18);
INSERT INTO public.expenses_expense (id, amount, description, manual_input, date, created_at, user_id, category, is_scan_result, "time", currency_code, currency, trip_id) VALUES (87, 2.25, '햄버거', false, '2025-06-06', '2025-06-05 15:17:48.050838+00', 11, 'FOOD', true, '00:17:48.050831', '', 'USD', 18);


--
-- Data for Name: expenses_trip; Type: TABLE DATA; Schema: public; Owner: -
--

INSERT INTO public.expenses_trip (id, country, start_date, end_date, companions, created_at, user_id, color, name, total_wallet_amount, updated_at, currency_code) VALUES (2, 'JP', '2025-04-29', '2025-05-07', 1, '2025-05-26 10:29:47.96966+00', 2, '#FF5733', '도쿄여행', 0.00, '2025-06-03 13:23:36.324601+00', 'KRW');
INSERT INTO public.expenses_trip (id, country, start_date, end_date, companions, created_at, user_id, color, name, total_wallet_amount, updated_at, currency_code) VALUES (3, 'JP', '2025-04-29', '2025-05-07', 1, '2025-05-30 09:20:52.343772+00', 4, '#FF5733', '도쿄여행', 0.00, '2025-06-03 13:23:36.324601+00', 'KRW');
INSERT INTO public.expenses_trip (id, country, start_date, end_date, companions, created_at, user_id, color, name, total_wallet_amount, updated_at, currency_code) VALUES (5, 'US', '2025-06-04', '2025-06-06', 1, '2025-06-02 12:07:34.69137+00', 4, '#FFB3B3', '미국여행', 0.00, '2025-06-03 13:23:36.324601+00', 'KRW');
INSERT INTO public.expenses_trip (id, country, start_date, end_date, companions, created_at, user_id, color, name, total_wallet_amount, updated_at, currency_code) VALUES (7, 'JP', '2025-06-03', '2025-06-03', 1, '2025-06-03 01:45:34.056817+00', 4, '#A8F5FF', '일본당일치기', 0.00, '2025-06-03 13:23:36.324601+00', 'KRW');
INSERT INTO public.expenses_trip (id, country, start_date, end_date, companions, created_at, user_id, color, name, total_wallet_amount, updated_at, currency_code) VALUES (12, 'US', '2025-06-04', '2025-06-07', 1, '2025-06-04 15:55:36.560431+00', 2, '#FF5733', '미국여행', 282.00, '2025-06-04 20:29:07.587588+00', 'USD');
INSERT INTO public.expenses_trip (id, country, start_date, end_date, companions, created_at, user_id, color, name, total_wallet_amount, updated_at, currency_code) VALUES (8, 'GU', '2025-06-01', '2025-06-05', 1, '2025-06-03 01:59:10.217256+00', 2, '#AFF6A7', 'test', 282.00, '2025-06-03 18:25:44.841818+00', 'KRW');
INSERT INTO public.expenses_trip (id, country, start_date, end_date, companions, created_at, user_id, color, name, total_wallet_amount, updated_at, currency_code) VALUES (9, 'US', '2025-06-23', '2025-06-26', 1, '2025-06-03 05:42:20.64184+00', 4, '#FFF5B7', '미국 여행', 282.00, '2025-06-05 09:50:41.960674+00', 'USD');
INSERT INTO public.expenses_trip (id, country, start_date, end_date, companions, created_at, user_id, color, name, total_wallet_amount, updated_at, currency_code) VALUES (6, 'US', '2025-06-04', '2025-06-06', 1, '2025-06-02 12:08:15.960958+00', 4, '#FFB3B3', '미국여행', 282.00, '2025-06-05 09:52:53.009817+00', 'USD');
INSERT INTO public.expenses_trip (id, country, start_date, end_date, companions, created_at, user_id, color, name, total_wallet_amount, updated_at, currency_code) VALUES (14, 'US', '2025-06-04', '2025-06-11', 1, '2025-06-05 13:07:51.64723+00', 7, '#78B0FF', '미국여행!', 0.00, '2025-06-05 13:07:51.647244+00', 'USD');
INSERT INTO public.expenses_trip (id, country, start_date, end_date, companions, created_at, user_id, color, name, total_wallet_amount, updated_at, currency_code) VALUES (15, 'US', '2025-06-03', '2025-06-13', 1, '2025-06-05 14:21:33.055691+00', 9, '#78B0FF', '미국여행', 0.00, '2025-06-05 14:21:33.055701+00', 'USD');
INSERT INTO public.expenses_trip (id, country, start_date, end_date, companions, created_at, user_id, color, name, total_wallet_amount, updated_at, currency_code) VALUES (16, 'GU', '2025-05-13', '2025-05-15', 1, '2025-06-05 14:30:12.98512+00', 9, '#AFF6A7', 'ㅇㅇ', 0.00, '2025-06-05 14:30:12.985132+00', 'KRW');
INSERT INTO public.expenses_trip (id, country, start_date, end_date, companions, created_at, user_id, color, name, total_wallet_amount, updated_at, currency_code) VALUES (4, 'JP', '2025-06-04', '2025-06-07', 1, '2025-06-02 08:43:23.390816+00', 2, '#78B0FF', '테스트여행', 282.00, '2025-06-05 14:52:26.871059+00', 'JPY');
INSERT INTO public.expenses_trip (id, country, start_date, end_date, companions, created_at, user_id, color, name, total_wallet_amount, updated_at, currency_code) VALUES (17, 'US', '2025-06-01', '2025-06-10', 1, '2025-06-05 14:57:23.683406+00', 10, '#78B0FF', '미국여행', 282.00, '2025-06-05 15:00:07.895326+00', 'USD');
INSERT INTO public.expenses_trip (id, country, start_date, end_date, companions, created_at, user_id, color, name, total_wallet_amount, updated_at, currency_code) VALUES (18, 'US', '2025-06-02', '2025-06-10', 1, '2025-06-05 15:13:55.676609+00', 11, '#78B0FF', '미국여행', 282.00, '2025-06-05 15:16:23.777837+00', 'USD');
INSERT INTO public.expenses_trip (id, country, start_date, end_date, companions, created_at, user_id, color, name, total_wallet_amount, updated_at, currency_code) VALUES (10, 'US', '2025-04-29', '2025-05-07', 1, '2025-06-04 08:02:26.806417+00', 3, '#FF5733', '미국여행', 0.00, '2025-06-04 08:02:26.806432+00', 'USD');
INSERT INTO public.expenses_trip (id, country, start_date, end_date, companions, created_at, user_id, color, name, total_wallet_amount, updated_at, currency_code) VALUES (11, 'US', '2025-06-04', '2025-06-07', 1, '2025-06-04 08:04:42.352496+00', 3, '#FF5733', '미국여행', 282.00, '2025-06-04 14:41:48.311479+00', 'USD');
INSERT INTO public.expenses_trip (id, country, start_date, end_date, companions, created_at, user_id, color, name, total_wallet_amount, updated_at, currency_code) VALUES (1, 'JP', '2025-04-29', '2025-05-10', 1, '2025-05-13 16:46:44.014238+00', 2, '#000000', '여행 수정', 1050.00, '2025-06-04 19:33:34.567832+00', 'JPY');
INSERT INTO public.expenses_trip (id, country, start_date, end_date, companions, created_at, user_id, color, name, total_wallet_amount, updated_at, currency_code) VALUES (13, 'US', '2025-06-04', '2025-06-07', 1, '2025-06-04 19:33:09.799823+00', 2, '#FF5733', '미국여행', 282.00, '2025-06-04 20:12:12.400506+00', 'USD');


--
-- Data for Name: expenses_wallet; Type: TABLE DATA; Schema: public; Owner: -
--

INSERT INTO public.expenses_wallet (id, country_code, currency_code, created_at, trip_id, user_id, total_amount, converted_total_krw, denominations) VALUES (27, '', '', '2025-06-03 01:57:38.761333+00', 3, 2, 0.00, 0.00, '{}');
INSERT INTO public.expenses_wallet (id, country_code, currency_code, created_at, trip_id, user_id, total_amount, converted_total_krw, denominations) VALUES (29, '', '', '2025-06-03 02:10:58.440807+00', 5, 2, 0.00, 0.00, '{}');
INSERT INTO public.expenses_wallet (id, country_code, currency_code, created_at, trip_id, user_id, total_amount, converted_total_krw, denominations) VALUES (36, '', '', '2025-06-03 03:44:39.786142+00', 2, 2, 0.00, 0.00, '{}');
INSERT INTO public.expenses_wallet (id, country_code, currency_code, created_at, trip_id, user_id, total_amount, converted_total_krw, denominations) VALUES (23, 'JP', 'JPY', '2025-05-13 17:05:53.381487+00', 1, 2, 0.00, 0.00, '{}');
INSERT INTO public.expenses_wallet (id, country_code, currency_code, created_at, trip_id, user_id, total_amount, converted_total_krw, denominations) VALUES (217, 'US', 'USD', '2025-06-04 14:41:48.305554+00', 11, 3, 282.00, 388046.55, '{"USD_2dollar": 1, "USD_5dollar": 2, "USD_20dollar": 1, "USD_50dollar": 1, "USD_100dollar": 2}');
INSERT INTO public.expenses_wallet (id, country_code, currency_code, created_at, trip_id, user_id, total_amount, converted_total_krw, denominations) VALUES (220, 'US', 'USD', '2025-06-04 19:18:49.233512+00', 12, 2, 819.00, 1127001.85, '{"USD_2dollar": 7, "USD_5dollar": 14, "USD_20dollar": 7, "USD_50dollar": 7, "USD_100dollar": 14}');
INSERT INTO public.expenses_wallet (id, country_code, currency_code, created_at, trip_id, user_id, total_amount, converted_total_krw, denominations) VALUES (227, 'US', 'USD', '2025-06-04 20:00:19.562037+00', 4, 2, 2679.00, 4422074.60, '{"USD_2dollar": 12, "USD_5dollar": 24, "USD_20dollar": 12, "USD_50dollar": 12, "USD_100dollar": 24}');
INSERT INTO public.expenses_wallet (id, country_code, currency_code, created_at, trip_id, user_id, total_amount, converted_total_krw, denominations) VALUES (228, 'US', 'USD', '2025-06-04 20:10:39.004585+00', 13, 2, 564.00, 776093.10, '{"USD_2dollar": 2, "USD_5dollar": 4, "USD_20dollar": 2, "USD_50dollar": 2, "USD_100dollar": 4}');
INSERT INTO public.expenses_wallet (id, country_code, currency_code, created_at, trip_id, user_id, total_amount, converted_total_krw, denominations) VALUES (232, 'US', 'USD', '2025-06-05 15:00:07.891907+00', 17, 10, 261.05, 354272.03, '{"USD_2dollar": 1, "USD_5dollar": 2, "USD_20dollar": 1, "USD_50dollar": 1, "USD_100dollar": 2}');
INSERT INTO public.expenses_wallet (id, country_code, currency_code, created_at, trip_id, user_id, total_amount, converted_total_krw, denominations) VALUES (233, 'US', 'USD', '2025-06-05 15:16:23.768961+00', 18, 11, 273.50, 372499.03, '{"USD_2dollar": 1, "USD_5dollar": 2, "USD_20dollar": 1, "USD_50dollar": 1, "USD_100dollar": 2}');
INSERT INTO public.expenses_wallet (id, country_code, currency_code, created_at, trip_id, user_id, total_amount, converted_total_krw, denominations) VALUES (231, 'US', 'USD', '2025-06-05 09:52:53.004943+00', 6, 4, 282.00, 388046.55, '{"USD_2dollar": 1, "USD_5dollar": 2, "USD_20dollar": 1, "USD_50dollar": 1, "USD_100dollar": 2}');
INSERT INTO public.expenses_wallet (id, country_code, currency_code, created_at, trip_id, user_id, total_amount, converted_total_krw, denominations) VALUES (230, 'US', 'USD', '2025-06-05 07:50:24.098477+00', 9, 4, 1104.15, 1514165.68, '{"USD_2dollar": 4, "USD_5dollar": 8, "USD_20dollar": 4, "USD_50dollar": 4, "USD_100dollar": 8}');
INSERT INTO public.expenses_wallet (id, country_code, currency_code, created_at, trip_id, user_id, total_amount, converted_total_krw, denominations) VALUES (229, 'US', 'USD', '2025-06-05 06:17:03.888353+00', 5, 4, 274.70, 374256.03, '"{\"USD_5dollar\":2,\"USD_2dollar\":1,\"USD_50dollar\":1,\"USD_100dollar\":2,\"USD_20dollar\":1}"');


--
-- Data for Name: scanner_scanresult; Type: TABLE DATA; Schema: public; Owner: -
--



--
-- Data for Name: token_blacklist_blacklistedtoken; Type: TABLE DATA; Schema: public; Owner: -
--

INSERT INTO public.token_blacklist_blacklistedtoken (id, blacklisted_at, token_id) VALUES (1, '2025-06-04 15:26:05.320893+00', 133);


--
-- Data for Name: token_blacklist_outstandingtoken; Type: TABLE DATA; Schema: public; Owner: -
--

INSERT INTO public.token_blacklist_outstandingtoken (id, token, created_at, expires_at, user_id, jti) VALUES (1, 'eyJhbGciOiJIUzI1NiIsInR5cCI6IkpXVCJ9.eyJ0b2tlbl90eXBlIjoicmVmcmVzaCIsImV4cCI6MTc0NzIzMTEzNiwiaWF0IjoxNzQ3MTQ0NzM2LCJqdGkiOiJmYjk3ZWUwYmYyYmY0Y2JkYTczMjljYTBhMDY3YjE5YyIsInVzZXJfaWQiOjJ9.ibOwUlXGD2GkaXfjaUYL6iUzPn2SYv_d-mHIzNedw24', '2025-05-13 13:58:56.368229+00', '2025-05-14 13:58:56+00', 2, 'fb97ee0bf2bf4cbda7329ca0a067b19c');
INSERT INTO public.token_blacklist_outstandingtoken (id, token, created_at, expires_at, user_id, jti) VALUES (2, 'eyJhbGciOiJIUzI1NiIsInR5cCI6IkpXVCJ9.eyJ0b2tlbl90eXBlIjoicmVmcmVzaCIsImV4cCI6MTc0NzIzNjkzMCwiaWF0IjoxNzQ3MTUwNTMwLCJqdGkiOiIxNzFmYzZmOGJkZDA0NTY2OTI5NmY1YmM5NWNmYjA1OSIsInVzZXJfaWQiOjJ9.eKtL8fQhJPMzjvJT6gfXB5Fh1-OTpNH8WkK7h-Tn0nE', '2025-05-13 15:35:30.048353+00', '2025-05-14 15:35:30+00', 2, '171fc6f8bdd045669296f5bc95cfb059');
INSERT INTO public.token_blacklist_outstandingtoken (id, token, created_at, expires_at, user_id, jti) VALUES (3, 'eyJhbGciOiJIUzI1NiIsInR5cCI6IkpXVCJ9.eyJ0b2tlbl90eXBlIjoicmVmcmVzaCIsImV4cCI6MTc0NzIzODgzNCwiaWF0IjoxNzQ3MTUyNDM0LCJqdGkiOiIzNzFjMzQ3MWYyYTU0YjFhYWRjMTc2ZDQxZjIzMzQ1NyIsInVzZXJfaWQiOjJ9.Xdnq7DcRrYtdJNqpZEQlBJvVs9xWDvHooZRc6z8MV4I', '2025-05-13 16:07:14.384231+00', '2025-05-14 16:07:14+00', 2, '371c3471f2a54b1aadc176d41f233457');
INSERT INTO public.token_blacklist_outstandingtoken (id, token, created_at, expires_at, user_id, jti) VALUES (4, 'eyJhbGciOiJIUzI1NiIsInR5cCI6IkpXVCJ9.eyJ0b2tlbl90eXBlIjoicmVmcmVzaCIsImV4cCI6MTc0NzIzOTIxMywiaWF0IjoxNzQ3MTUyODEzLCJqdGkiOiIyOWI2ZDk4YWM1NDc0MDExOWQzNDNlYjcyNDE1MDk3ZCIsInVzZXJfaWQiOjJ9.w-M6toe3VZm-5vFlT2j_aCIiHlFd55Ult3kwHSADTHQ', '2025-05-13 16:13:33.485392+00', '2025-05-14 16:13:33+00', 2, '29b6d98ac54740119d343eb72415097d');
INSERT INTO public.token_blacklist_outstandingtoken (id, token, created_at, expires_at, user_id, jti) VALUES (5, 'eyJhbGciOiJIUzI1NiIsInR5cCI6IkpXVCJ9.eyJ0b2tlbl90eXBlIjoicmVmcmVzaCIsImV4cCI6MTc0NzI0MTEyNiwiaWF0IjoxNzQ3MTU0NzI2LCJqdGkiOiI5OWE3NTlmY2JjNGU0OWNlYTUzOWJkYzBmMjUxYjM4MSIsInVzZXJfaWQiOjJ9.vI9HM8UCX5_DHOONvOYauT_yxupfUR2j1U_mi_1Fats', '2025-05-13 16:45:26.358003+00', '2025-05-14 16:45:26+00', 2, '99a759fcbc4e49cea539bdc0f251b381');
INSERT INTO public.token_blacklist_outstandingtoken (id, token, created_at, expires_at, user_id, jti) VALUES (6, 'eyJhbGciOiJIUzI1NiIsInR5cCI6IkpXVCJ9.eyJ0b2tlbl90eXBlIjoicmVmcmVzaCIsImV4cCI6MTc0NzI0Mjk5NSwiaWF0IjoxNzQ3MTU2NTk1LCJqdGkiOiI0MjM1ZWVlY2Y5NTU0Mjk3OTBmMGRiOGNiNGU1ODM3ZSIsInVzZXJfaWQiOjJ9.1z1PDlhlTE2XPMTyeIATzSUuBRVXr5k-PAlarfxZ96E', '2025-05-13 17:16:35.650075+00', '2025-05-14 17:16:35+00', 2, '4235eeecf955429790f0db8cb4e5837e');
INSERT INTO public.token_blacklist_outstandingtoken (id, token, created_at, expires_at, user_id, jti) VALUES (7, 'eyJhbGciOiJIUzI1NiIsInR5cCI6IkpXVCJ9.eyJ0b2tlbl90eXBlIjoicmVmcmVzaCIsImV4cCI6MTc0Nzg5ODkzMywiaWF0IjoxNzQ3ODEyNTMzLCJqdGkiOiI4ZDhjOWI5ODk0ZTI0MTcwODliMjU1YWRiMjMxYjY3MSIsInVzZXJfaWQiOjJ9.vqwR4aITpvbuXt5gzsfYLH-7ZXz9P6s9Z1V4zBVKJB8', '2025-05-21 07:28:53.519218+00', '2025-05-22 07:28:53+00', 2, '8d8c9b9894e2417089b255adb231b671');
INSERT INTO public.token_blacklist_outstandingtoken (id, token, created_at, expires_at, user_id, jti) VALUES (8, 'eyJhbGciOiJIUzI1NiIsInR5cCI6IkpXVCJ9.eyJ0b2tlbl90eXBlIjoicmVmcmVzaCIsImV4cCI6MTc0Nzg5OTAwNywiaWF0IjoxNzQ3ODEyNjA3LCJqdGkiOiJiNzg4ODdjZWFhMTI0MWZjYTFjMWEyMjYzYzk3MGMzMiIsInVzZXJfaWQiOjJ9._ZAwBMGdcILln-P2IW90crUnPt5W1Xqf6nNOgCVIWCE', '2025-05-21 07:30:07.423332+00', '2025-05-22 07:30:07+00', 2, 'b78887ceaa1241fca1c1a2263c970c32');
INSERT INTO public.token_blacklist_outstandingtoken (id, token, created_at, expires_at, user_id, jti) VALUES (9, 'eyJhbGciOiJIUzI1NiIsInR5cCI6IkpXVCJ9.eyJ0b2tlbl90eXBlIjoicmVmcmVzaCIsImV4cCI6MTc0NzkwMDU4NSwiaWF0IjoxNzQ3ODE0MTg1LCJqdGkiOiI1Njg0MTZjZWMzNGQ0Y2E5YTBiNDE5N2E1MDc5NzY4OCIsInVzZXJfaWQiOjR9.LdFGi3fZi_JDT2eoqq5332MFRr3kRv09SXKJrnfBlVg', '2025-05-21 07:56:25.436353+00', '2025-05-22 07:56:25+00', 4, '568416cec34d4ca9a0b4197a50797688');
INSERT INTO public.token_blacklist_outstandingtoken (id, token, created_at, expires_at, user_id, jti) VALUES (10, 'eyJhbGciOiJIUzI1NiIsInR5cCI6IkpXVCJ9.eyJ0b2tlbl90eXBlIjoicmVmcmVzaCIsImV4cCI6MTc0NzkwMDcwOCwiaWF0IjoxNzQ3ODE0MzA4LCJqdGkiOiI2OGUzZGVmZWE2OTY0ZDU3Yjc1MWMxNTQ2NGFiNzk1ZiIsInVzZXJfaWQiOjR9.EFdh3oxSfhl15dGqBO3ijfbLBJkT1xQzi5CbgfmgETQ', '2025-05-21 07:58:28.324362+00', '2025-05-22 07:58:28+00', 4, '68e3defea6964d57b751c15464ab795f');
INSERT INTO public.token_blacklist_outstandingtoken (id, token, created_at, expires_at, user_id, jti) VALUES (11, 'eyJhbGciOiJIUzI1NiIsInR5cCI6IkpXVCJ9.eyJ0b2tlbl90eXBlIjoicmVmcmVzaCIsImV4cCI6MTc0NzkwMDcyOSwiaWF0IjoxNzQ3ODE0MzI5LCJqdGkiOiI0MmVmZjM0MDU2MmQ0MjNjYTEzMGZhY2M1ZGJkZDY5YyIsInVzZXJfaWQiOjJ9.PM6NsE0Khp7g2O7ChjTGJyAuwFDTv-8BjA1Le2fjWzA', '2025-05-21 07:58:49.224501+00', '2025-05-22 07:58:49+00', 2, '42eff340562d423ca130facc5dbdd69c');
INSERT INTO public.token_blacklist_outstandingtoken (id, token, created_at, expires_at, user_id, jti) VALUES (12, 'eyJhbGciOiJIUzI1NiIsInR5cCI6IkpXVCJ9.eyJ0b2tlbl90eXBlIjoicmVmcmVzaCIsImV4cCI6MTc0NzkwMDgwNiwiaWF0IjoxNzQ3ODE0NDA2LCJqdGkiOiI0Y2E3OTE0ODRjMTU0ZmYzODgwNDQ1NzRkNTU2MDUzMyIsInVzZXJfaWQiOjR9.VF5_wWnh2XWhCBbZ2QRQSTYU0SFgA3FSf7sflYU23yE', '2025-05-21 08:00:06.720351+00', '2025-05-22 08:00:06+00', 4, '4ca791484c154ff388044574d5560533');
INSERT INTO public.token_blacklist_outstandingtoken (id, token, created_at, expires_at, user_id, jti) VALUES (13, 'eyJhbGciOiJIUzI1NiIsInR5cCI6IkpXVCJ9.eyJ0b2tlbl90eXBlIjoicmVmcmVzaCIsImV4cCI6MTc0NzkwMDg3OSwiaWF0IjoxNzQ3ODE0NDc5LCJqdGkiOiI1YjljOGZmMzhhYzE0YjQ3YjNlODE0MDc2NmJmN2Y0MSIsInVzZXJfaWQiOjR9.mKRjkjOGmdG-7wZMBgDONWUMqZfQmcFIACqcnqrxpCA', '2025-05-21 08:01:19.826593+00', '2025-05-22 08:01:19+00', 4, '5b9c8ff38ac14b47b3e8140766bf7f41');
INSERT INTO public.token_blacklist_outstandingtoken (id, token, created_at, expires_at, user_id, jti) VALUES (14, 'eyJhbGciOiJIUzI1NiIsInR5cCI6IkpXVCJ9.eyJ0b2tlbl90eXBlIjoicmVmcmVzaCIsImV4cCI6MTc0NzkwMDk3NCwiaWF0IjoxNzQ3ODE0NTc0LCJqdGkiOiIyY2E3Y2U0OTE3ZmM0MmIyYmEyYWI0ZmZmNTNjOWMxOSIsInVzZXJfaWQiOjJ9.CPsq70AQz76yczLmyx1kAklxHlEWoHR2vziOzHuZ1Y0', '2025-05-21 08:02:54.533714+00', '2025-05-22 08:02:54+00', 2, '2ca7ce4917fc42b2ba2ab4fff53c9c19');
INSERT INTO public.token_blacklist_outstandingtoken (id, token, created_at, expires_at, user_id, jti) VALUES (15, 'eyJhbGciOiJIUzI1NiIsInR5cCI6IkpXVCJ9.eyJ0b2tlbl90eXBlIjoicmVmcmVzaCIsImV4cCI6MTc0NzkwMTA1MywiaWF0IjoxNzQ3ODE0NjUzLCJqdGkiOiJkNGIzYmRiNDExODg0ZGVhYjQ4ZjQ4M2JkMzJlNjJlMCIsInVzZXJfaWQiOjJ9.0Sex2MVqQmuJk69N0bbNfqeJMf2BnIKacROoTNFNZBY', '2025-05-21 08:04:13.026146+00', '2025-05-22 08:04:13+00', 2, 'd4b3bdb411884deab48f483bd32e62e0');
INSERT INTO public.token_blacklist_outstandingtoken (id, token, created_at, expires_at, user_id, jti) VALUES (16, 'eyJhbGciOiJIUzI1NiIsInR5cCI6IkpXVCJ9.eyJ0b2tlbl90eXBlIjoicmVmcmVzaCIsImV4cCI6MTc0NzkwMTExMCwiaWF0IjoxNzQ3ODE0NzEwLCJqdGkiOiIxMWExNTlmYzllOWM0N2ZhYmU3N2E5YzUwMzExNmNhZiIsInVzZXJfaWQiOjJ9.oMA4LJj38C-7ELb53qC3kAMjAlDNy8HyavuSWenBMG4', '2025-05-21 08:05:10.51781+00', '2025-05-22 08:05:10+00', 2, '11a159fc9e9c47fabe77a9c503116caf');
INSERT INTO public.token_blacklist_outstandingtoken (id, token, created_at, expires_at, user_id, jti) VALUES (17, 'eyJhbGciOiJIUzI1NiIsInR5cCI6IkpXVCJ9.eyJ0b2tlbl90eXBlIjoicmVmcmVzaCIsImV4cCI6MTc0NzkwMTgzNiwiaWF0IjoxNzQ3ODE1NDM2LCJqdGkiOiI5OGQyOTUyNDlkNTg0YzI1OGUzYWE0NzhhY2JmYWUwNCIsInVzZXJfaWQiOjR9.HemExMxL7OqY20IeNyNS7yE07lisGM7dt-h3HF55O1U', '2025-05-21 08:17:16.825377+00', '2025-05-22 08:17:16+00', 4, '98d295249d584c258e3aa478acbfae04');
INSERT INTO public.token_blacklist_outstandingtoken (id, token, created_at, expires_at, user_id, jti) VALUES (18, 'eyJhbGciOiJIUzI1NiIsInR5cCI6IkpXVCJ9.eyJ0b2tlbl90eXBlIjoicmVmcmVzaCIsImV4cCI6MTc0NzkwMTg5MywiaWF0IjoxNzQ3ODE1NDkzLCJqdGkiOiI0YjU0NjIzZTgwNGU0MTY1YjZkMzVkOTM5MTFiYmY5NyIsInVzZXJfaWQiOjR9.4ARWMlXBzbpDZ8rIiP1nDpgkaVWIP5Xm-5xY4HGjEX4', '2025-05-21 08:18:13.324268+00', '2025-05-22 08:18:13+00', 4, '4b54623e804e4165b6d35d93911bbf97');
INSERT INTO public.token_blacklist_outstandingtoken (id, token, created_at, expires_at, user_id, jti) VALUES (19, 'eyJhbGciOiJIUzI1NiIsInR5cCI6IkpXVCJ9.eyJ0b2tlbl90eXBlIjoicmVmcmVzaCIsImV4cCI6MTc0NzkwMTg5NCwiaWF0IjoxNzQ3ODE1NDk0LCJqdGkiOiIxOGU1M2EzZDZjMjc0N2NlYWU2NjdmYWE5YzUxNDNlYiIsInVzZXJfaWQiOjR9.iIpBdgcpTPp8c8iptBJdzPd0D2EF9pEJPFVrLe-F_j0', '2025-05-21 08:18:14.820747+00', '2025-05-22 08:18:14+00', 4, '18e53a3d6c2747ceae667faa9c5143eb');
INSERT INTO public.token_blacklist_outstandingtoken (id, token, created_at, expires_at, user_id, jti) VALUES (20, 'eyJhbGciOiJIUzI1NiIsInR5cCI6IkpXVCJ9.eyJ0b2tlbl90eXBlIjoicmVmcmVzaCIsImV4cCI6MTc0NzkwMjE1NSwiaWF0IjoxNzQ3ODE1NzU1LCJqdGkiOiI2ZmQ2ZGE1OTA0NjE0MmU2OGUzOTBmNDIxYmQ1OGIyYyIsInVzZXJfaWQiOjR9.fHCqHYHm95MBNRp63JWLgrxqu13LX6Bf9KO1ao7Jit8', '2025-05-21 08:22:35.517389+00', '2025-05-22 08:22:35+00', 4, '6fd6da59046142e68e390f421bd58b2c');
INSERT INTO public.token_blacklist_outstandingtoken (id, token, created_at, expires_at, user_id, jti) VALUES (21, 'eyJhbGciOiJIUzI1NiIsInR5cCI6IkpXVCJ9.eyJ0b2tlbl90eXBlIjoicmVmcmVzaCIsImV4cCI6MTc0NzkwNjIyNiwiaWF0IjoxNzQ3ODE5ODI2LCJqdGkiOiJlZjU0MDRlZTJhNWQ0OTJkODFjNzA2NjlmMmYxYmIzOSIsInVzZXJfaWQiOjR9.89eSGhYWB7FrD8iU6pjIhg9x5hRAt-FozWbLYlcIrAU', '2025-05-21 09:30:26.253357+00', '2025-05-22 09:30:26+00', 4, 'ef5404ee2a5d492d81c70669f2f1bb39');
INSERT INTO public.token_blacklist_outstandingtoken (id, token, created_at, expires_at, user_id, jti) VALUES (22, 'eyJhbGciOiJIUzI1NiIsInR5cCI6IkpXVCJ9.eyJ0b2tlbl90eXBlIjoicmVmcmVzaCIsImV4cCI6MTc0Nzk4MjU5NiwiaWF0IjoxNzQ3ODk2MTk2LCJqdGkiOiIzNmMxOTZhMGQ3MjI0Yzk5YjYzMmQ5YjJiNDlhOGU3NCIsInVzZXJfaWQiOjR9.eS9QVe_fV1wpC4U542i9EDBGdL2IZjrj8eknnLaqUjE', '2025-05-22 06:43:16.252668+00', '2025-05-23 06:43:16+00', 4, '36c196a0d7224c99b632d9b2b49a8e74');
INSERT INTO public.token_blacklist_outstandingtoken (id, token, created_at, expires_at, user_id, jti) VALUES (23, 'eyJhbGciOiJIUzI1NiIsInR5cCI6IkpXVCJ9.eyJ0b2tlbl90eXBlIjoicmVmcmVzaCIsImV4cCI6MTc0Nzk4NDk5NywiaWF0IjoxNzQ3ODk4NTk3LCJqdGkiOiIzN2Y0OWM3ZDg4MDU0ZWI4YjE2ZGUyOWI5OTEyMjg5NyIsInVzZXJfaWQiOjR9.pkySr2l6hzgxXNpC9F7eqwQXQGuZrdsgYG79DU9gHqM', '2025-05-22 07:23:17.850919+00', '2025-05-23 07:23:17+00', 4, '37f49c7d88054eb8b16de29b99122897');
INSERT INTO public.token_blacklist_outstandingtoken (id, token, created_at, expires_at, user_id, jti) VALUES (24, 'eyJhbGciOiJIUzI1NiIsInR5cCI6IkpXVCJ9.eyJ0b2tlbl90eXBlIjoicmVmcmVzaCIsImV4cCI6MTc0ODIzMTgxMywiaWF0IjoxNzQ4MTQ1NDEzLCJqdGkiOiJmMjRjZDgwZjdlMmE0YzFiYTc3MmUxNDMxN2EzNDVjYiIsInVzZXJfaWQiOjJ9.VQqLdY1Yb_wm6H5ku2XNToLBRJsIUJRFL6hBLtxgXmw', '2025-05-25 03:56:53.371556+00', '2025-05-26 03:56:53+00', 2, 'f24cd80f7e2a4c1ba772e14317a345cb');
INSERT INTO public.token_blacklist_outstandingtoken (id, token, created_at, expires_at, user_id, jti) VALUES (25, 'eyJhbGciOiJIUzI1NiIsInR5cCI6IkpXVCJ9.eyJ0b2tlbl90eXBlIjoicmVmcmVzaCIsImV4cCI6MTc0ODM0MTcwOCwiaWF0IjoxNzQ4MjU1MzA4LCJqdGkiOiJkM2UyNmEzOGZkZTI0YmIyOTQ5ZTJmMDBjOWNmNTEyYiIsInVzZXJfaWQiOjJ9.QI3TD-iiCB2ohkudG9PksJCJQRaoZ-PqlqF1nNT39C0', '2025-05-26 10:28:28.935489+00', '2025-05-27 10:28:28+00', 2, 'd3e26a38fde24bb2949e2f00c9cf512b');
INSERT INTO public.token_blacklist_outstandingtoken (id, token, created_at, expires_at, user_id, jti) VALUES (26, 'eyJhbGciOiJIUzI1NiIsInR5cCI6IkpXVCJ9.eyJ0b2tlbl90eXBlIjoicmVmcmVzaCIsImV4cCI6MTc0ODM5Mzc3NCwiaWF0IjoxNzQ4MzA3Mzc0LCJqdGkiOiJlMjc5NWVlNTcxMTY0N2E0YTVjYjI1ZjM2ZTUwY2I3ZCIsInVzZXJfaWQiOjR9.YmfgbH0kYKsoFGPWyaWNc56QB5gQasUUVCdOnYJGVeQ', '2025-05-27 00:56:14.880227+00', '2025-05-28 00:56:14+00', 4, 'e2795ee5711647a4a5cb25f36e50cb7d');
INSERT INTO public.token_blacklist_outstandingtoken (id, token, created_at, expires_at, user_id, jti) VALUES (27, 'eyJhbGciOiJIUzI1NiIsInR5cCI6IkpXVCJ9.eyJ0b2tlbl90eXBlIjoicmVmcmVzaCIsImV4cCI6MTc0ODM5Mzc3NywiaWF0IjoxNzQ4MzA3Mzc3LCJqdGkiOiIzYmEyN2IzMjg0MWY0ZTc4OWUxYjM4NjY0MzFhYjcyOSIsInVzZXJfaWQiOjR9.kgVSyRBeoCJ03W0oRaJayhvE9jwbGLP4Ce8NRGfBfGI', '2025-05-27 00:56:17.683725+00', '2025-05-28 00:56:17+00', 4, '3ba27b32841f4e789e1b3866431ab729');
INSERT INTO public.token_blacklist_outstandingtoken (id, token, created_at, expires_at, user_id, jti) VALUES (28, 'eyJhbGciOiJIUzI1NiIsInR5cCI6IkpXVCJ9.eyJ0b2tlbl90eXBlIjoicmVmcmVzaCIsImV4cCI6MTc0ODM5MzgwMSwiaWF0IjoxNzQ4MzA3NDAxLCJqdGkiOiJiY2EzOWViMTkxZGM0ZWM1YTA3ZTI4Yzc0OGI5YTdlYyIsInVzZXJfaWQiOjR9.OZRn6w3j6fxcARzZzSO-B8BnnX5cXpnKk3Js36UHp7w', '2025-05-27 00:56:41.286948+00', '2025-05-28 00:56:41+00', 4, 'bca39eb191dc4ec5a07e28c748b9a7ec');
INSERT INTO public.token_blacklist_outstandingtoken (id, token, created_at, expires_at, user_id, jti) VALUES (29, 'eyJhbGciOiJIUzI1NiIsInR5cCI6IkpXVCJ9.eyJ0b2tlbl90eXBlIjoicmVmcmVzaCIsImV4cCI6MTc0ODM5NzIzOCwiaWF0IjoxNzQ4MzEwODM4LCJqdGkiOiJhYTg3YmViNWFiYTM0NmQ1ODg0ZmNlYmJlMzdhODM2YyIsInVzZXJfaWQiOjR9.gd1V71QQg0dZK64Dchx5zy3hfemxgR_685CyV9gcqcY', '2025-05-27 01:53:58.303758+00', '2025-05-28 01:53:58+00', 4, 'aa87beb5aba346d5884fcebbe37a836c');
INSERT INTO public.token_blacklist_outstandingtoken (id, token, created_at, expires_at, user_id, jti) VALUES (30, 'eyJhbGciOiJIUzI1NiIsInR5cCI6IkpXVCJ9.eyJ0b2tlbl90eXBlIjoicmVmcmVzaCIsImV4cCI6MTc0ODM5OTk4MCwiaWF0IjoxNzQ4MzEzNTgwLCJqdGkiOiI1ZGM1ZGUwMWU2NTY0NDE4OTY0MGVmNTQyMTE5MWVkMSIsInVzZXJfaWQiOjR9.uSEcm0MJqb4X2RKjTFVnlunaEUZUzJ168I8Vv8Fy3rE', '2025-05-27 02:39:40.875487+00', '2025-05-28 02:39:40+00', 4, '5dc5de01e65644189640ef5421191ed1');
INSERT INTO public.token_blacklist_outstandingtoken (id, token, created_at, expires_at, user_id, jti) VALUES (31, 'eyJhbGciOiJIUzI1NiIsInR5cCI6IkpXVCJ9.eyJ0b2tlbl90eXBlIjoicmVmcmVzaCIsImV4cCI6MTc0ODQzNTI0OSwiaWF0IjoxNzQ4MzQ4ODQ5LCJqdGkiOiJiN2ZhOTA4NzFhM2Y0NWVjYjdjZmUwZDIwNDg2MDZjNCIsInVzZXJfaWQiOjR9.pFQ-Sc0q3-UiT3XhKT85VdWdKIZE4s2TMpOY5515oOM', '2025-05-27 12:27:29.994399+00', '2025-05-28 12:27:29+00', 4, 'b7fa90871a3f45ecb7cfe0d2048606c4');
INSERT INTO public.token_blacklist_outstandingtoken (id, token, created_at, expires_at, user_id, jti) VALUES (32, 'eyJhbGciOiJIUzI1NiIsInR5cCI6IkpXVCJ9.eyJ0b2tlbl90eXBlIjoicmVmcmVzaCIsImV4cCI6MTc0ODQzNTI1MSwiaWF0IjoxNzQ4MzQ4ODUxLCJqdGkiOiIwOThkMzYwMzM2YmU0NGM3ODVlMDRiZWFlZmY2YTAxNyIsInVzZXJfaWQiOjR9.2IGp13FLex_p6KJ98FrBMRSDYO2t6wVeotGMYtp4d-U', '2025-05-27 12:27:31.298234+00', '2025-05-28 12:27:31+00', 4, '098d360336be44c785e04beaeff6a017');
INSERT INTO public.token_blacklist_outstandingtoken (id, token, created_at, expires_at, user_id, jti) VALUES (33, 'eyJhbGciOiJIUzI1NiIsInR5cCI6IkpXVCJ9.eyJ0b2tlbl90eXBlIjoicmVmcmVzaCIsImV4cCI6MTc0ODUxOTU5NCwiaWF0IjoxNzQ4NDMzMTk0LCJqdGkiOiJjN2VkZGFlN2ZlOWM0MzRjOTNmNDI4OTVlOTFmM2I2MyIsInVzZXJfaWQiOjR9.uoSszpyeRdcMGWvEv0HOplVW2oCbDLu-mkSgFWxH2iQ', '2025-05-28 11:53:14.84+00', '2025-05-29 11:53:14+00', 4, 'c7eddae7fe9c434c93f42895e91f3b63');
INSERT INTO public.token_blacklist_outstandingtoken (id, token, created_at, expires_at, user_id, jti) VALUES (34, 'eyJhbGciOiJIUzI1NiIsInR5cCI6IkpXVCJ9.eyJ0b2tlbl90eXBlIjoicmVmcmVzaCIsImV4cCI6MTc0ODUxOTU5NiwiaWF0IjoxNzQ4NDMzMTk2LCJqdGkiOiJjNTQwMjdhNWYxY2E0NjVmYmU0ZjE4ZjY4NGZiOTE2MSIsInVzZXJfaWQiOjR9.-XhcecyANsOH9ilZ_eUOC20jRkDOWQD5UrV43BEIcdU', '2025-05-28 11:53:16.245298+00', '2025-05-29 11:53:16+00', 4, 'c54027a5f1ca465fbe4f18f684fb9161');
INSERT INTO public.token_blacklist_outstandingtoken (id, token, created_at, expires_at, user_id, jti) VALUES (35, 'eyJhbGciOiJIUzI1NiIsInR5cCI6IkpXVCJ9.eyJ0b2tlbl90eXBlIjoicmVmcmVzaCIsImV4cCI6MTc0ODUxOTY3MywiaWF0IjoxNzQ4NDMzMjczLCJqdGkiOiI4NWI5ZWYzOWI1ZTA0NzZiOWFmOTAxY2E0M2EzN2IzYiIsInVzZXJfaWQiOjJ9.tmKE76_FGDvZWrJBjTox6tyXmAwRIq1GBsbkDlUgp4Y', '2025-05-28 11:54:33.743657+00', '2025-05-29 11:54:33+00', 2, '85b9ef39b5e0476b9af901ca43a37b3b');
INSERT INTO public.token_blacklist_outstandingtoken (id, token, created_at, expires_at, user_id, jti) VALUES (36, 'eyJhbGciOiJIUzI1NiIsInR5cCI6IkpXVCJ9.eyJ0b2tlbl90eXBlIjoicmVmcmVzaCIsImV4cCI6MTc0ODUyNTA1NiwiaWF0IjoxNzQ4NDM4NjU2LCJqdGkiOiI3NTAyMTNiNzMyODE0N2MxOTRiZjg1NGYzODRkZjViMiIsInVzZXJfaWQiOjR9.0gX0MxskUiNjF9YQAN4lCVqqpbvGohA5VZ1KIkWfeV4', '2025-05-28 13:24:16.334549+00', '2025-05-29 13:24:16+00', 4, '750213b7328147c194bf854f384df5b2');
INSERT INTO public.token_blacklist_outstandingtoken (id, token, created_at, expires_at, user_id, jti) VALUES (37, 'eyJhbGciOiJIUzI1NiIsInR5cCI6IkpXVCJ9.eyJ0b2tlbl90eXBlIjoicmVmcmVzaCIsImV4cCI6MTc0ODUyNTg1NCwiaWF0IjoxNzQ4NDM5NDU0LCJqdGkiOiI4NTdiYThlMTc4ZDU0YmNkYjI2ZGViYTQ1N2YwODVlNCIsInVzZXJfaWQiOjR9.XVwZyOFQTXnLY280yb_gg0LKWE_u-bs5azKzcdRnLIk', '2025-05-28 13:37:34.335073+00', '2025-05-29 13:37:34+00', 4, '857ba8e178d54bcdb26deba457f085e4');
INSERT INTO public.token_blacklist_outstandingtoken (id, token, created_at, expires_at, user_id, jti) VALUES (38, 'eyJhbGciOiJIUzI1NiIsInR5cCI6IkpXVCJ9.eyJ0b2tlbl90eXBlIjoicmVmcmVzaCIsImV4cCI6MTc0ODYwMTE4MywiaWF0IjoxNzQ4NTE0NzgzLCJqdGkiOiIwMmVmNmIwYTE4ZTg0ODcxOWUxN2U2MWI3ZDE2YzQ1YiIsInVzZXJfaWQiOjR9.Ipe4qYFAlzse1r4_-vybcYbiSaUdQLF7ShmFXH_1JIE', '2025-05-29 10:33:03.911127+00', '2025-05-30 10:33:03+00', 4, '02ef6b0a18e848719e17e61b7d16c45b');
INSERT INTO public.token_blacklist_outstandingtoken (id, token, created_at, expires_at, user_id, jti) VALUES (39, 'eyJhbGciOiJIUzI1NiIsInR5cCI6IkpXVCJ9.eyJ0b2tlbl90eXBlIjoicmVmcmVzaCIsImV4cCI6MTc0ODYwNDY1OSwiaWF0IjoxNzQ4NTE4MjU5LCJqdGkiOiJlNTZmMzQ0NGY4NTY0Y2U2ODcxNDBiODc2ODljYzgwZCIsInVzZXJfaWQiOjR9.XpQFeDrQIt4Df5iHBtyO6YZ6RFgtBTQ72-64GkTJ9XQ', '2025-05-29 11:30:59.71214+00', '2025-05-30 11:30:59+00', 4, 'e56f3444f8564ce687140b87689cc80d');
INSERT INTO public.token_blacklist_outstandingtoken (id, token, created_at, expires_at, user_id, jti) VALUES (40, 'eyJhbGciOiJIUzI1NiIsInR5cCI6IkpXVCJ9.eyJ0b2tlbl90eXBlIjoicmVmcmVzaCIsImV4cCI6MTc0ODYyMDU3MSwiaWF0IjoxNzQ4NTM0MTcxLCJqdGkiOiJiMjcyMzcxNGU0MWI0NTZkYjY1MDZlZDgzOWVkOGM2ZSIsInVzZXJfaWQiOjJ9.0Acyn1o5KPqUHc_V56sGKnBTzllWlx82XCs0QSXJGl0', '2025-05-29 15:56:11.498968+00', '2025-05-30 15:56:11+00', 2, 'b2723714e41b456db6506ed839ed8c6e');
INSERT INTO public.token_blacklist_outstandingtoken (id, token, created_at, expires_at, user_id, jti) VALUES (41, 'eyJhbGciOiJIUzI1NiIsInR5cCI6IkpXVCJ9.eyJ0b2tlbl90eXBlIjoicmVmcmVzaCIsImV4cCI6MTc0ODYyNDc5NSwiaWF0IjoxNzQ4NTM4Mzk1LCJqdGkiOiI0NjNjNGFhNjhhMDc0ODkzYjIwNTY3ZjMxNTllNjc5MSIsInVzZXJfaWQiOjJ9.P-VHg3KXlD63SnZUX2DKrjuIltkCBZ3vgEeJtA_5iXo', '2025-05-29 17:06:35.631203+00', '2025-05-30 17:06:35+00', 2, '463c4aa68a074893b20567f3159e6791');
INSERT INTO public.token_blacklist_outstandingtoken (id, token, created_at, expires_at, user_id, jti) VALUES (42, 'eyJhbGciOiJIUzI1NiIsInR5cCI6IkpXVCJ9.eyJ0b2tlbl90eXBlIjoicmVmcmVzaCIsImV4cCI6MTc0ODYyNTM5NSwiaWF0IjoxNzQ4NTM4OTk1LCJqdGkiOiIzYzU3ZWQxNDRjYzQ0MjYyYmJhMTgwOGFlNjZiYjU3ZSIsInVzZXJfaWQiOjJ9.ktEWhuJy-YOtBJ76qhriilGAYpH7hze2W3g-Wm-p6rk', '2025-05-29 17:16:35.628169+00', '2025-05-30 17:16:35+00', 2, '3c57ed144cc44262bba1808ae66bb57e');
INSERT INTO public.token_blacklist_outstandingtoken (id, token, created_at, expires_at, user_id, jti) VALUES (43, 'eyJhbGciOiJIUzI1NiIsInR5cCI6IkpXVCJ9.eyJ0b2tlbl90eXBlIjoicmVmcmVzaCIsImV4cCI6MTc0ODYyNjE5NywiaWF0IjoxNzQ4NTM5Nzk3LCJqdGkiOiJlZTIwYzA2YjliYTM0NWZiOWUzZmIyZDQwMzcxZDNjMCIsInVzZXJfaWQiOjJ9.K2deqet46Q2LHsYxs7gcF3nhe9saaF8XLzU8Q3VHTMY', '2025-05-29 17:29:57.8594+00', '2025-05-30 17:29:57+00', 2, 'ee20c06b9ba345fb9e3fb2d40371d3c0');
INSERT INTO public.token_blacklist_outstandingtoken (id, token, created_at, expires_at, user_id, jti) VALUES (44, 'eyJhbGciOiJIUzI1NiIsInR5cCI6IkpXVCJ9.eyJ0b2tlbl90eXBlIjoicmVmcmVzaCIsImV4cCI6MTc0ODY3Mjg2NiwiaWF0IjoxNzQ4NTg2NDY2LCJqdGkiOiI2MGE5OTRmMGQ0ZWM0YzFlYWYxNDk0N2NhMGQwNmNkMyIsInVzZXJfaWQiOjR9.bcYif97CoRmRXiL39DFX6IDZYA7v7r1PFYYmEgINHhY', '2025-05-30 06:27:46.265286+00', '2025-05-31 06:27:46+00', 4, '60a994f0d4ec4c1eaf14947ca0d06cd3');
INSERT INTO public.token_blacklist_outstandingtoken (id, token, created_at, expires_at, user_id, jti) VALUES (45, 'eyJhbGciOiJIUzI1NiIsInR5cCI6IkpXVCJ9.eyJ0b2tlbl90eXBlIjoicmVmcmVzaCIsImV4cCI6MTc0ODY3Mjg2NywiaWF0IjoxNzQ4NTg2NDY3LCJqdGkiOiJhZjBlNTEwNDllOWY0ZjdjYWJlM2Q2OTQxMGQ2N2E0ZCIsInVzZXJfaWQiOjR9.E-FPhP__TmEQPtGpQeybE8rLJ_Oq1AmjKx94TMWgJFg', '2025-05-30 06:27:47.757084+00', '2025-05-31 06:27:47+00', 4, 'af0e51049e9f4f7cabe3d69410d67a4d');
INSERT INTO public.token_blacklist_outstandingtoken (id, token, created_at, expires_at, user_id, jti) VALUES (46, 'eyJhbGciOiJIUzI1NiIsInR5cCI6IkpXVCJ9.eyJ0b2tlbl90eXBlIjoicmVmcmVzaCIsImV4cCI6MTc0ODY3Mjg2OSwiaWF0IjoxNzQ4NTg2NDY5LCJqdGkiOiJhMzhhMzE0MzhlMWQ0MDRlODQ5OGZmNjZiYjZhNjI2NSIsInVzZXJfaWQiOjR9.CbmqYhSaGOIlIbUhnbP3xoTTdZrKjzPFXMrcYNdsa4Y', '2025-05-30 06:27:49.264539+00', '2025-05-31 06:27:49+00', 4, 'a38a31438e1d404e8498ff66bb6a6265');
INSERT INTO public.token_blacklist_outstandingtoken (id, token, created_at, expires_at, user_id, jti) VALUES (47, 'eyJhbGciOiJIUzI1NiIsInR5cCI6IkpXVCJ9.eyJ0b2tlbl90eXBlIjoicmVmcmVzaCIsImV4cCI6MTc0ODY3Mjg3MCwiaWF0IjoxNzQ4NTg2NDcwLCJqdGkiOiI5ZTcxNTlkMDFlZjY0MTkyYWMyNDkzNGI2YTQwYjdkOCIsInVzZXJfaWQiOjR9.hS3xmOuQB5BcK2SiktGRzwD4GUGfOM1z0_vuj-pLIv8', '2025-05-30 06:27:50.958344+00', '2025-05-31 06:27:50+00', 4, '9e7159d01ef64192ac24934b6a40b7d8');
INSERT INTO public.token_blacklist_outstandingtoken (id, token, created_at, expires_at, user_id, jti) VALUES (48, 'eyJhbGciOiJIUzI1NiIsInR5cCI6IkpXVCJ9.eyJ0b2tlbl90eXBlIjoicmVmcmVzaCIsImV4cCI6MTc0ODY3Mjg3MiwiaWF0IjoxNzQ4NTg2NDcyLCJqdGkiOiJlN2Y0ZTc1YTA2MjI0YjA2OWYyNDUzY2RiNThjOThmMSIsInVzZXJfaWQiOjR9.aNJfI1xnCaGddARXNFg_kZvE1muLmZUPE1vIjwwI2cE', '2025-05-30 06:27:52.366963+00', '2025-05-31 06:27:52+00', 4, 'e7f4e75a06224b069f2453cdb58c98f1');
INSERT INTO public.token_blacklist_outstandingtoken (id, token, created_at, expires_at, user_id, jti) VALUES (49, 'eyJhbGciOiJIUzI1NiIsInR5cCI6IkpXVCJ9.eyJ0b2tlbl90eXBlIjoicmVmcmVzaCIsImV4cCI6MTc0ODY3Mjg3MywiaWF0IjoxNzQ4NTg2NDczLCJqdGkiOiI2MThlM2Q0NjhiNTE0MTEzYjJlOWZjYWY2MjNkNzMwOCIsInVzZXJfaWQiOjR9._tBkbMcsns6C69wWPiCqWKzM3FglScZKgl5v7nYTIys', '2025-05-30 06:27:53.666992+00', '2025-05-31 06:27:53+00', 4, '618e3d468b514113b2e9fcaf623d7308');
INSERT INTO public.token_blacklist_outstandingtoken (id, token, created_at, expires_at, user_id, jti) VALUES (50, 'eyJhbGciOiJIUzI1NiIsInR5cCI6IkpXVCJ9.eyJ0b2tlbl90eXBlIjoicmVmcmVzaCIsImV4cCI6MTc0ODY3Mjg3NCwiaWF0IjoxNzQ4NTg2NDc0LCJqdGkiOiJmZjIzNGExNDZkOTE0N2Y5ODJhM2Q1ZmMyMDNhN2YzNyIsInVzZXJfaWQiOjR9.W2k2CnRwoFUTBECsW04oh9D8qp_AHzUCe3j0hmDJ3_Q', '2025-05-30 06:27:54.970436+00', '2025-05-31 06:27:54+00', 4, 'ff234a146d9147f982a3d5fc203a7f37');
INSERT INTO public.token_blacklist_outstandingtoken (id, token, created_at, expires_at, user_id, jti) VALUES (51, 'eyJhbGciOiJIUzI1NiIsInR5cCI6IkpXVCJ9.eyJ0b2tlbl90eXBlIjoicmVmcmVzaCIsImV4cCI6MTc0ODY3Mjg3NiwiaWF0IjoxNzQ4NTg2NDc2LCJqdGkiOiIxZmQ1OTNlMTMyMDg0ZjI2OWU0MGUzYzUxMmFlN2U4YiIsInVzZXJfaWQiOjR9.cvwRQRaEcNllQOk5g-VonTGtgsil1s4GOKIKGWBB4CE', '2025-05-30 06:27:56.257744+00', '2025-05-31 06:27:56+00', 4, '1fd593e132084f269e40e3c512ae7e8b');
INSERT INTO public.token_blacklist_outstandingtoken (id, token, created_at, expires_at, user_id, jti) VALUES (52, 'eyJhbGciOiJIUzI1NiIsInR5cCI6IkpXVCJ9.eyJ0b2tlbl90eXBlIjoicmVmcmVzaCIsImV4cCI6MTc0ODY3Mjg3NywiaWF0IjoxNzQ4NTg2NDc3LCJqdGkiOiI2ZTgzMmQ3OWJiMzE0N2RlYjQ4MGZlOGM3OWUzNWE3MyIsInVzZXJfaWQiOjR9.tE_-xtaIYR7w2U1ZzO1zmR3WUqAukm0p0bzZdByBYLw', '2025-05-30 06:27:57.46706+00', '2025-05-31 06:27:57+00', 4, '6e832d79bb3147deb480fe8c79e35a73');
INSERT INTO public.token_blacklist_outstandingtoken (id, token, created_at, expires_at, user_id, jti) VALUES (53, 'eyJhbGciOiJIUzI1NiIsInR5cCI6IkpXVCJ9.eyJ0b2tlbl90eXBlIjoicmVmcmVzaCIsImV4cCI6MTc0ODY3Mjg3OCwiaWF0IjoxNzQ4NTg2NDc4LCJqdGkiOiIxNDc3OGVlNzlkYzA0ZDM5OTI3MDc5ZDE1YTE0MTZjMCIsInVzZXJfaWQiOjR9.rB12FZ2e9-tFebk7CPU3BAnyTG19RAxP7Xa8o_M9OKM', '2025-05-30 06:27:58.76608+00', '2025-05-31 06:27:58+00', 4, '14778ee79dc04d39927079d15a1416c0');
INSERT INTO public.token_blacklist_outstandingtoken (id, token, created_at, expires_at, user_id, jti) VALUES (54, 'eyJhbGciOiJIUzI1NiIsInR5cCI6IkpXVCJ9.eyJ0b2tlbl90eXBlIjoicmVmcmVzaCIsImV4cCI6MTc0ODY3Mjg4MCwiaWF0IjoxNzQ4NTg2NDgwLCJqdGkiOiIyNzk5YWNiYTVhZmU0MWM1OTRkY2EyMjE4YWRkODVmZCIsInVzZXJfaWQiOjR9.iScBT_xqGeYlFxNkzMUAf01reixM2-iRWyvreunCOIw', '2025-05-30 06:28:00.258403+00', '2025-05-31 06:28:00+00', 4, '2799acba5afe41c594dca2218add85fd');
INSERT INTO public.token_blacklist_outstandingtoken (id, token, created_at, expires_at, user_id, jti) VALUES (55, 'eyJhbGciOiJIUzI1NiIsInR5cCI6IkpXVCJ9.eyJ0b2tlbl90eXBlIjoicmVmcmVzaCIsImV4cCI6MTc0ODY3Mjg4MSwiaWF0IjoxNzQ4NTg2NDgxLCJqdGkiOiJmNjc1MjdiMmFiYjU0OGY1YjdjM2ZkNTY5NWRiNmQyMiIsInVzZXJfaWQiOjR9.hXVbMN5uirduhNI2HBm1nIV_iJIgyP3Q7PnlyUzaX3k', '2025-05-30 06:28:01.562073+00', '2025-05-31 06:28:01+00', 4, 'f67527b2abb548f5b7c3fd5695db6d22');
INSERT INTO public.token_blacklist_outstandingtoken (id, token, created_at, expires_at, user_id, jti) VALUES (56, 'eyJhbGciOiJIUzI1NiIsInR5cCI6IkpXVCJ9.eyJ0b2tlbl90eXBlIjoicmVmcmVzaCIsImV4cCI6MTc0ODY4MjY2OSwiaWF0IjoxNzQ4NTk2MjY5LCJqdGkiOiJlODY5N2Q3N2MyNWM0ZjJkOTZlNzgxZDRlYmViZDM5NSIsInVzZXJfaWQiOjR9.8mJf7_N-SCH3uTW3IyIO6FfFNMSHwOXi5oqWajBHSQA', '2025-05-30 09:11:09.531967+00', '2025-05-31 09:11:09+00', 4, 'e8697d77c25c4f2d96e781d4ebebd395');
INSERT INTO public.token_blacklist_outstandingtoken (id, token, created_at, expires_at, user_id, jti) VALUES (57, 'eyJhbGciOiJIUzI1NiIsInR5cCI6IkpXVCJ9.eyJ0b2tlbl90eXBlIjoicmVmcmVzaCIsImV4cCI6MTc0ODY4NDU5MSwiaWF0IjoxNzQ4NTk4MTkxLCJqdGkiOiI0MTg2MzlhNmUwMTI0ZDkwOWVkZDI3NzMwOTkzMGJkNSIsInVzZXJfaWQiOjR9.SeaGT029vxym83K8WIkeA07s6dJ8o1FUHLM0LX2ijJg', '2025-05-30 09:43:11.731582+00', '2025-05-31 09:43:11+00', 4, '418639a6e0124d909edd277309930bd5');
INSERT INTO public.token_blacklist_outstandingtoken (id, token, created_at, expires_at, user_id, jti) VALUES (58, 'eyJhbGciOiJIUzI1NiIsInR5cCI6IkpXVCJ9.eyJ0b2tlbl90eXBlIjoicmVmcmVzaCIsImV4cCI6MTc0ODcwNjc4NSwiaWF0IjoxNzQ4NjIwMzg1LCJqdGkiOiIyNzc4YjNhMTRkY2Q0OTg2YmY5NjQ2YWFhZDU3NDg4OCIsInVzZXJfaWQiOjJ9.8XSH6pRu5y7MSFCQLOVhQzGkTAeBgugNBq3GLgQvb6c', '2025-05-30 15:53:05.101283+00', '2025-05-31 15:53:05+00', 2, '2778b3a14dcd4986bf9646aaad574888');
INSERT INTO public.token_blacklist_outstandingtoken (id, token, created_at, expires_at, user_id, jti) VALUES (59, 'eyJhbGciOiJIUzI1NiIsInR5cCI6IkpXVCJ9.eyJ0b2tlbl90eXBlIjoicmVmcmVzaCIsImV4cCI6MTc0ODkzNzc0NywiaWF0IjoxNzQ4ODUxMzQ3LCJqdGkiOiIyMDU0YTE0MmZiMzA0YzEwYTM4OWZlMzdkMTI3YjgxYyIsInVzZXJfaWQiOjR9.cwl4s_zoVHl3JoJN3jjGXxUZimjK44ISb7EdBSSDOy4', '2025-06-02 08:02:27.734517+00', '2025-06-03 08:02:27+00', 4, '2054a142fb304c10a389fe37d127b81c');
INSERT INTO public.token_blacklist_outstandingtoken (id, token, created_at, expires_at, user_id, jti) VALUES (60, 'eyJhbGciOiJIUzI1NiIsInR5cCI6IkpXVCJ9.eyJ0b2tlbl90eXBlIjoicmVmcmVzaCIsImV4cCI6MTc0ODkzODY2OCwiaWF0IjoxNzQ4ODUyMjY4LCJqdGkiOiIwMmVjZGU0NDdhNDQ0ZTczOTkxMWM1OTJmYjYxNDY2NSIsInVzZXJfaWQiOjJ9.-NAcKgpRZ8vnwNMyu_A0cAfRH87u2Em9e2p_Hqd7fbE', '2025-06-02 08:17:48.039173+00', '2025-06-03 08:17:48+00', 2, '02ecde447a444e739911c592fb614665');
INSERT INTO public.token_blacklist_outstandingtoken (id, token, created_at, expires_at, user_id, jti) VALUES (61, 'eyJhbGciOiJIUzI1NiIsInR5cCI6IkpXVCJ9.eyJ0b2tlbl90eXBlIjoicmVmcmVzaCIsImV4cCI6MTc0ODk0MDc4MywiaWF0IjoxNzQ4ODU0MzgzLCJqdGkiOiJkZTg5NTU2MzBiOTQ0OWJjYmM1MTYwOWQ1OGU4M2EwMSIsInVzZXJfaWQiOjR9.7PNkaq-m2n58fLA0BGmx1LsGQdbOgnbcn2iXIqv6QS4', '2025-06-02 08:53:03.135365+00', '2025-06-03 08:53:03+00', 4, 'de8955630b9449bcbc51609d58e83a01');
INSERT INTO public.token_blacklist_outstandingtoken (id, token, created_at, expires_at, user_id, jti) VALUES (62, 'eyJhbGciOiJIUzI1NiIsInR5cCI6IkpXVCJ9.eyJ0b2tlbl90eXBlIjoicmVmcmVzaCIsImV4cCI6MTc0ODk0MzUyNCwiaWF0IjoxNzQ4ODU3MTI0LCJqdGkiOiI0Y2Y3NWNjNGE2YTQ0MDk2YjhhNWU4MzIyYjMwYTk1ZCIsInVzZXJfaWQiOjJ9.0nwDz5yMob0FUNVSMHx8iUNzAYdE2zXzT8XKG9Tm6Xg', '2025-06-02 09:38:44.341569+00', '2025-06-03 09:38:44+00', 2, '4cf75cc4a6a44096b8a5e8322b30a95d');
INSERT INTO public.token_blacklist_outstandingtoken (id, token, created_at, expires_at, user_id, jti) VALUES (63, 'eyJhbGciOiJIUzI1NiIsInR5cCI6IkpXVCJ9.eyJ0b2tlbl90eXBlIjoicmVmcmVzaCIsImV4cCI6MTc0ODk0NDM5MywiaWF0IjoxNzQ4ODU3OTkzLCJqdGkiOiJmYTAwMWM1MzU5NDc0YjJhYmZkNzlkNDlkZjU3ZGRjZCIsInVzZXJfaWQiOjJ9.9mw759FRxCNMARXdlFQ8G4iVdeeBgrjNO4-xj4Cb3_I', '2025-06-02 09:53:13.795604+00', '2025-06-03 09:53:13+00', 2, 'fa001c5359474b2abfd79d49df57ddcd');
INSERT INTO public.token_blacklist_outstandingtoken (id, token, created_at, expires_at, user_id, jti) VALUES (64, 'eyJhbGciOiJIUzI1NiIsInR5cCI6IkpXVCJ9.eyJ0b2tlbl90eXBlIjoicmVmcmVzaCIsImV4cCI6MTc0ODk0ODA0MSwiaWF0IjoxNzQ4ODYxNjQxLCJqdGkiOiJhOTY4OWRiYTNkODY0N2MzYTMyOWZiOWVhZWI3Zjc5ZCIsInVzZXJfaWQiOjR9.R8k-3va_iJMgiVAuLtvfrCZtudX2C3l0wtSoWkMlCHA', '2025-06-02 10:54:01.742338+00', '2025-06-03 10:54:01+00', 4, 'a9689dba3d8647c3a329fb9eaeb7f79d');
INSERT INTO public.token_blacklist_outstandingtoken (id, token, created_at, expires_at, user_id, jti) VALUES (65, 'eyJhbGciOiJIUzI1NiIsInR5cCI6IkpXVCJ9.eyJ0b2tlbl90eXBlIjoicmVmcmVzaCIsImV4cCI6MTc0ODk0ODA0MywiaWF0IjoxNzQ4ODYxNjQzLCJqdGkiOiJiNGVmYWEwYTY5NmQ0N2VmYmExZDQ2ODQ1OGY5MTNhOSIsInVzZXJfaWQiOjR9.yUg1DyE7ts9bfk6DI4WNKPLGPBwarg-dolQvdrW9KV0', '2025-06-02 10:54:03.54648+00', '2025-06-03 10:54:03+00', 4, 'b4efaa0a696d47efba1d468458f913a9');
INSERT INTO public.token_blacklist_outstandingtoken (id, token, created_at, expires_at, user_id, jti) VALUES (66, 'eyJhbGciOiJIUzI1NiIsInR5cCI6IkpXVCJ9.eyJ0b2tlbl90eXBlIjoicmVmcmVzaCIsImV4cCI6MTc0ODk0ODE4MiwiaWF0IjoxNzQ4ODYxNzgyLCJqdGkiOiJiMGM1MzYxZWZiMWE0MmI0YWMzYzM3MjZkMjc2ZGFkNiIsInVzZXJfaWQiOjJ9.ruvlsVFxD3TgQsstWYzdMc8Vfr8_Rq3qAInw86IecmA', '2025-06-02 10:56:22.748981+00', '2025-06-03 10:56:22+00', 2, 'b0c5361efb1a42b4ac3c3726d276dad6');
INSERT INTO public.token_blacklist_outstandingtoken (id, token, created_at, expires_at, user_id, jti) VALUES (67, 'eyJhbGciOiJIUzI1NiIsInR5cCI6IkpXVCJ9.eyJ0b2tlbl90eXBlIjoicmVmcmVzaCIsImV4cCI6MTc0ODk1MDEyMCwiaWF0IjoxNzQ4ODYzNzIwLCJqdGkiOiI2YjA0MTg2ZWVjMjI0Yjg5Yjg4MTM3ODg0ZTY1N2JkOSIsInVzZXJfaWQiOjR9.2itHSKXmVg3x3x09YUuO1r9xabbWZOfcmJAplZKbuXo', '2025-06-02 11:28:40.784473+00', '2025-06-03 11:28:40+00', 4, '6b04186eec224b89b88137884e657bd9');
INSERT INTO public.token_blacklist_outstandingtoken (id, token, created_at, expires_at, user_id, jti) VALUES (68, 'eyJhbGciOiJIUzI1NiIsInR5cCI6IkpXVCJ9.eyJ0b2tlbl90eXBlIjoicmVmcmVzaCIsImV4cCI6MTc0ODk1MjMxMywiaWF0IjoxNzQ4ODY1OTEzLCJqdGkiOiI5YzAyMTE2Y2M2MjY0ODIxOTgzYWQ4MDNhMjI2MjQ3MSIsInVzZXJfaWQiOjR9.G7yaIKAuUNFX_Go91b85bgygYwGHsuiExaVoHtT73ho', '2025-06-02 12:05:13.691997+00', '2025-06-03 12:05:13+00', 4, '9c02116cc6264821983ad803a2262471');
INSERT INTO public.token_blacklist_outstandingtoken (id, token, created_at, expires_at, user_id, jti) VALUES (69, 'eyJhbGciOiJIUzI1NiIsInR5cCI6IkpXVCJ9.eyJ0b2tlbl90eXBlIjoicmVmcmVzaCIsImV4cCI6MTc0ODk1MjU4MSwiaWF0IjoxNzQ4ODY2MTgxLCJqdGkiOiJjYjZkZDkwYWZjOWU0NWFmYTlkNDc2NzBlNjc3NDkxMyIsInVzZXJfaWQiOjJ9.tFdRXkBRHn8bC039MFpMl5WUNUwItU2NnozHg8cCnvw', '2025-06-02 12:09:41.687034+00', '2025-06-03 12:09:41+00', 2, 'cb6dd90afc9e45afa9d47670e6774913');
INSERT INTO public.token_blacklist_outstandingtoken (id, token, created_at, expires_at, user_id, jti) VALUES (70, 'eyJhbGciOiJIUzI1NiIsInR5cCI6IkpXVCJ9.eyJ0b2tlbl90eXBlIjoicmVmcmVzaCIsImV4cCI6MTc0ODk5OTg2MiwiaWF0IjoxNzQ4OTEzNDYyLCJqdGkiOiIzYmFkZjM4OTkxZTE0YmM4OGY3MzBmYWMyYzQzMjVmNCIsInVzZXJfaWQiOjR9.ONPEiRBpvBuyb5AX6n6Vja1ZUOqGsAcYKJmG3yM6_-s', '2025-06-03 01:17:42.658889+00', '2025-06-04 01:17:42+00', 4, '3badf38991e14bc88f730fac2c4325f4');
INSERT INTO public.token_blacklist_outstandingtoken (id, token, created_at, expires_at, user_id, jti) VALUES (71, 'eyJhbGciOiJIUzI1NiIsInR5cCI6IkpXVCJ9.eyJ0b2tlbl90eXBlIjoicmVmcmVzaCIsImV4cCI6MTc0ODk5OTg5NCwiaWF0IjoxNzQ4OTEzNDk0LCJqdGkiOiJkZGQ5MmJkMDA1ZTU0MWI5YTliMmFjMDA2ZWYzYTM3OSIsInVzZXJfaWQiOjR9.l-AaOdpVPuJ5abH8GjftnEMsBRG0evy7qOyET-82cWI', '2025-06-03 01:18:14.551483+00', '2025-06-04 01:18:14+00', 4, 'ddd92bd005e541b9a9b2ac006ef3a379');
INSERT INTO public.token_blacklist_outstandingtoken (id, token, created_at, expires_at, user_id, jti) VALUES (72, 'eyJhbGciOiJIUzI1NiIsInR5cCI6IkpXVCJ9.eyJ0b2tlbl90eXBlIjoicmVmcmVzaCIsImV4cCI6MTc0OTAwMDIyNCwiaWF0IjoxNzQ4OTEzODI0LCJqdGkiOiJlNDI5ZjI1NGIzOWY0YTMzOWQwZjYwNjI2MThlOGYzZiIsInVzZXJfaWQiOjJ9.IO0bAIrkC3dtUxROWRt_tppB_M-zVKtzbXgYc06IPEE', '2025-06-03 01:23:44.752823+00', '2025-06-04 01:23:44+00', 2, 'e429f254b39f4a339d0f6062618e8f3f');
INSERT INTO public.token_blacklist_outstandingtoken (id, token, created_at, expires_at, user_id, jti) VALUES (73, 'eyJhbGciOiJIUzI1NiIsInR5cCI6IkpXVCJ9.eyJ0b2tlbl90eXBlIjoicmVmcmVzaCIsImV4cCI6MTc0OTAwMTY1OSwiaWF0IjoxNzQ4OTE1MjU5LCJqdGkiOiJkNTI1ZTE1NWUyNjU0YzNjOWQ1M2E2NzUwYTJlYWMyNCIsInVzZXJfaWQiOjJ9.3r_Kq6ecGYL3842Vs_7fuBfJbnL9ucBqzY26R7UdBwc', '2025-06-03 01:47:39.406783+00', '2025-06-04 01:47:39+00', 2, 'd525e155e2654c3c9d53a6750a2eac24');
INSERT INTO public.token_blacklist_outstandingtoken (id, token, created_at, expires_at, user_id, jti) VALUES (74, 'eyJhbGciOiJIUzI1NiIsInR5cCI6IkpXVCJ9.eyJ0b2tlbl90eXBlIjoicmVmcmVzaCIsImV4cCI6MTc0OTAwMTg4NSwiaWF0IjoxNzQ4OTE1NDg1LCJqdGkiOiJmZjBkMjk2Y2Q3OTg0MzFlYTUyNjU1ODA1YWQ3ZGE3YiIsInVzZXJfaWQiOjR9.3AWLzI1lW5m3vksAiVZmgUmiCE9eS9Jn44PScJ1uNrI', '2025-06-03 01:51:25.511545+00', '2025-06-04 01:51:25+00', 4, 'ff0d296cd798431ea52655805ad7da7b');
INSERT INTO public.token_blacklist_outstandingtoken (id, token, created_at, expires_at, user_id, jti) VALUES (75, 'eyJhbGciOiJIUzI1NiIsInR5cCI6IkpXVCJ9.eyJ0b2tlbl90eXBlIjoicmVmcmVzaCIsImV4cCI6MTc0OTAwMjMyMywiaWF0IjoxNzQ4OTE1OTIzLCJqdGkiOiJlYmNiZGJiOGE4YjM0NWVlYjIwZWNmMTUxYjJiNzc5OSIsInVzZXJfaWQiOjJ9.D_RBMrYcRDQvBaCMnPCfDKVM0gDw9QALOSY_zp8v8FA', '2025-06-03 01:58:43.13212+00', '2025-06-04 01:58:43+00', 2, 'ebcbdbb8a8b345eeb20ecf151b2b7799');
INSERT INTO public.token_blacklist_outstandingtoken (id, token, created_at, expires_at, user_id, jti) VALUES (76, 'eyJhbGciOiJIUzI1NiIsInR5cCI6IkpXVCJ9.eyJ0b2tlbl90eXBlIjoicmVmcmVzaCIsImV4cCI6MTc0OTAwMzIxNSwiaWF0IjoxNzQ4OTE2ODE1LCJqdGkiOiJmNmI0NjAxZTRlZDM0YTU2YTM5MzIzNWViNjk4NzEzYiIsInVzZXJfaWQiOjR9.z80uN_zSxr4xK23gqyqT7PEI290QhJ1bZekEas3IOj8', '2025-06-03 02:13:35.61221+00', '2025-06-04 02:13:35+00', 4, 'f6b4601e4ed34a56a393235eb698713b');
INSERT INTO public.token_blacklist_outstandingtoken (id, token, created_at, expires_at, user_id, jti) VALUES (77, 'eyJhbGciOiJIUzI1NiIsInR5cCI6IkpXVCJ9.eyJ0b2tlbl90eXBlIjoicmVmcmVzaCIsImV4cCI6MTc0OTAwNDkyOSwiaWF0IjoxNzQ4OTE4NTI5LCJqdGkiOiI2YTc1ZGRhOTA3MjQ0NWY3ODE4YjhlN2FjOGJkN2I3NiIsInVzZXJfaWQiOjJ9.2f6Fwzvx8wnyZXQgxoqWzDOhCGS-PpAF_nneo_8lqC4', '2025-06-03 02:42:09.474837+00', '2025-06-04 02:42:09+00', 2, '6a75dda9072445f7818b8e7ac8bd7b76');
INSERT INTO public.token_blacklist_outstandingtoken (id, token, created_at, expires_at, user_id, jti) VALUES (78, 'eyJhbGciOiJIUzI1NiIsInR5cCI6IkpXVCJ9.eyJ0b2tlbl90eXBlIjoicmVmcmVzaCIsImV4cCI6MTc0OTAwNjA4NCwiaWF0IjoxNzQ4OTE5Njg0LCJqdGkiOiJlZTE3ZmU2Yjg1YWI0NTA5YmJhMGQyNTVkYjc2YmRhYyIsInVzZXJfaWQiOjJ9.HpFe-bxXt6lvbOPHZ7VakLVo8sN737tWAIZmwQH3Xjc', '2025-06-03 03:01:24.714592+00', '2025-06-04 03:01:24+00', 2, 'ee17fe6b85ab4509bba0d255db76bdac');
INSERT INTO public.token_blacklist_outstandingtoken (id, token, created_at, expires_at, user_id, jti) VALUES (79, 'eyJhbGciOiJIUzI1NiIsInR5cCI6IkpXVCJ9.eyJ0b2tlbl90eXBlIjoicmVmcmVzaCIsImV4cCI6MTc0OTAwNjkzMSwiaWF0IjoxNzQ4OTIwNTMxLCJqdGkiOiI1Y2FmYjkyZTBjMTg0NTk2ODE5ZDY1ZTQ2YjEwMjEyOSIsInVzZXJfaWQiOjJ9.exnQ2wagK3JyjM-HV3FXNAYzjZWniWcUF0QNnizYRgQ', '2025-06-03 03:15:31.544349+00', '2025-06-04 03:15:31+00', 2, '5cafb92e0c184596819d65e46b102129');
INSERT INTO public.token_blacklist_outstandingtoken (id, token, created_at, expires_at, user_id, jti) VALUES (80, 'eyJhbGciOiJIUzI1NiIsInR5cCI6IkpXVCJ9.eyJ0b2tlbl90eXBlIjoicmVmcmVzaCIsImV4cCI6MTc0OTAwNzMxNywiaWF0IjoxNzQ4OTIwOTE3LCJqdGkiOiJmYjZkMmRkYWU1YTg0Y2Y0YmY4MzNlYmMwNTIxNTY3MyIsInVzZXJfaWQiOjR9.4EweNaT1B60ES8jkBozz0WIOhAbTt6izqahk_9pMDcg', '2025-06-03 03:21:57.655053+00', '2025-06-04 03:21:57+00', 4, 'fb6d2ddae5a84cf4bf833ebc05215673');
INSERT INTO public.token_blacklist_outstandingtoken (id, token, created_at, expires_at, user_id, jti) VALUES (81, 'eyJhbGciOiJIUzI1NiIsInR5cCI6IkpXVCJ9.eyJ0b2tlbl90eXBlIjoicmVmcmVzaCIsImV4cCI6MTc0OTAwODQ3NiwiaWF0IjoxNzQ4OTIyMDc2LCJqdGkiOiJkMGZkZjIwNGYyY2E0NGRjYjMxOTY3Y2ZkZDVlNzU0YSIsInVzZXJfaWQiOjJ9.FTrvI6AqrsZNxBkzxxzGvC6AxsC8rsAk2fHEUzVAc-8', '2025-06-03 03:41:16.346418+00', '2025-06-04 03:41:16+00', 2, 'd0fdf204f2ca44dcb31967cfdd5e754a');
INSERT INTO public.token_blacklist_outstandingtoken (id, token, created_at, expires_at, user_id, jti) VALUES (82, 'eyJhbGciOiJIUzI1NiIsInR5cCI6IkpXVCJ9.eyJ0b2tlbl90eXBlIjoicmVmcmVzaCIsImV4cCI6MTc0OTAxNTM0NSwiaWF0IjoxNzQ4OTI4OTQ1LCJqdGkiOiJmMzIxNzg3M2FlYzU0ODNhYjlkY2E4YTJiMmNkMTU2NyIsInVzZXJfaWQiOjJ9.w9JpllpmMnScmdb_67dSC5M1nACDxIK1Ewcn-slhy_Y', '2025-06-03 05:35:45.37132+00', '2025-06-04 05:35:45+00', 2, 'f3217873aec5483ab9dca8a2b2cd1567');
INSERT INTO public.token_blacklist_outstandingtoken (id, token, created_at, expires_at, user_id, jti) VALUES (83, 'eyJhbGciOiJIUzI1NiIsInR5cCI6IkpXVCJ9.eyJ0b2tlbl90eXBlIjoicmVmcmVzaCIsImV4cCI6MTc0OTAxNTYzNCwiaWF0IjoxNzQ4OTI5MjM0LCJqdGkiOiJjMWI2YWM4ZWYyMWI0ZTcyODYxYTExNDA0ZTBlMjUwYyIsInVzZXJfaWQiOjR9.Cu09pJHxejach8aNlzc43vRGAYHFTkER_TOxhRZKknk', '2025-06-03 05:40:34.178259+00', '2025-06-04 05:40:34+00', 4, 'c1b6ac8ef21b4e72861a11404e0e250c');
INSERT INTO public.token_blacklist_outstandingtoken (id, token, created_at, expires_at, user_id, jti) VALUES (84, 'eyJhbGciOiJIUzI1NiIsInR5cCI6IkpXVCJ9.eyJ0b2tlbl90eXBlIjoicmVmcmVzaCIsImV4cCI6MTc0OTAxNzY1MiwiaWF0IjoxNzQ4OTMxMjUyLCJqdGkiOiJlNWQwMjA2ZjdlZGM0NzlkODUxZDA3OGUzOTMzYjA0YyIsInVzZXJfaWQiOjJ9.mtiWe6_VRaLQesW0He6NEkCl2PQoQpPx-kiNCbq_5Bc', '2025-06-03 06:14:12.873374+00', '2025-06-04 06:14:12+00', 2, 'e5d0206f7edc479d851d078e3933b04c');
INSERT INTO public.token_blacklist_outstandingtoken (id, token, created_at, expires_at, user_id, jti) VALUES (85, 'eyJhbGciOiJIUzI1NiIsInR5cCI6IkpXVCJ9.eyJ0b2tlbl90eXBlIjoicmVmcmVzaCIsImV4cCI6MTc0OTAxODg5OSwiaWF0IjoxNzQ4OTMyNDk5LCJqdGkiOiJiNmVmZjg3ODhjYjY0MzYyOWFmYTFiYjE4ZWFhOGVkYSIsInVzZXJfaWQiOjR9.hd0zeGSDmULNJNSBORxOgrhDSoDEi0tKlRhFMbPFJVE', '2025-06-03 06:34:59.286703+00', '2025-06-04 06:34:59+00', 4, 'b6eff8788cb643629afa1bb18eaa8eda');
INSERT INTO public.token_blacklist_outstandingtoken (id, token, created_at, expires_at, user_id, jti) VALUES (86, 'eyJhbGciOiJIUzI1NiIsInR5cCI6IkpXVCJ9.eyJ0b2tlbl90eXBlIjoicmVmcmVzaCIsImV4cCI6MTc0OTAxOTIxNywiaWF0IjoxNzQ4OTMyODE3LCJqdGkiOiIwODAxYjkyMjEyZjM0MWNlYmMxNWFhY2YwNjgwMzljOSIsInVzZXJfaWQiOjJ9.VcWHDyfyoWXjWkYmRK1NAKMNqbTzDaZiq2xa1f8jQDo', '2025-06-03 06:40:17.912258+00', '2025-06-04 06:40:17+00', 2, '0801b92212f341cebc15aacf068039c9');
INSERT INTO public.token_blacklist_outstandingtoken (id, token, created_at, expires_at, user_id, jti) VALUES (87, 'eyJhbGciOiJIUzI1NiIsInR5cCI6IkpXVCJ9.eyJ0b2tlbl90eXBlIjoicmVmcmVzaCIsImV4cCI6MTc0OTAxOTY0MywiaWF0IjoxNzQ4OTMzMjQzLCJqdGkiOiIxNzg0OTBjMzMyNmI0ZGI2OTI4ZTQyMGM2N2I1MzRjZiIsInVzZXJfaWQiOjJ9.ZPIMS12UV1aTFVlRBLOes3Bh0N_rSCYyTwEpYhNgNdM', '2025-06-03 06:47:23.811417+00', '2025-06-04 06:47:23+00', 2, '178490c3326b4db6928e420c67b534cf');
INSERT INTO public.token_blacklist_outstandingtoken (id, token, created_at, expires_at, user_id, jti) VALUES (88, 'eyJhbGciOiJIUzI1NiIsInR5cCI6IkpXVCJ9.eyJ0b2tlbl90eXBlIjoicmVmcmVzaCIsImV4cCI6MTc0OTAyMTUxNSwiaWF0IjoxNzQ4OTM1MTE1LCJqdGkiOiIyYWE0MDZkY2IzZTk0OGNhODIxN2NlNThjN2ZjNDI5YiIsInVzZXJfaWQiOjJ9.3eDtcJ4HfydFLnVSsJ2XdQ1FoY5IAbAY2RgPNZ-zB_4', '2025-06-03 07:18:35.560702+00', '2025-06-04 07:18:35+00', 2, '2aa406dcb3e948ca8217ce58c7fc429b');
INSERT INTO public.token_blacklist_outstandingtoken (id, token, created_at, expires_at, user_id, jti) VALUES (89, 'eyJhbGciOiJIUzI1NiIsInR5cCI6IkpXVCJ9.eyJ0b2tlbl90eXBlIjoicmVmcmVzaCIsImV4cCI6MTc0OTAyMzc1MiwiaWF0IjoxNzQ4OTM3MzUyLCJqdGkiOiJjNDY0NzFmMDk2MzA0MzQzYTAyMmZmYTJkMDkyZWZkYSIsInVzZXJfaWQiOjJ9.y_5ZDCm4LX_w0nsrq9BDZ5H2Eyw0ldK7S50jbSkMZGI', '2025-06-03 07:55:52.831778+00', '2025-06-04 07:55:52+00', 2, 'c46471f096304343a022ffa2d092efda');
INSERT INTO public.token_blacklist_outstandingtoken (id, token, created_at, expires_at, user_id, jti) VALUES (90, 'eyJhbGciOiJIUzI1NiIsInR5cCI6IkpXVCJ9.eyJ0b2tlbl90eXBlIjoicmVmcmVzaCIsImV4cCI6MTc0OTAyNTA3NCwiaWF0IjoxNzQ4OTM4Njc0LCJqdGkiOiIzMTE2NjFlYjJlOGY0NWVkODQ5NzBiYjBiZjAwOTRmZiIsInVzZXJfaWQiOjJ9.WmaiRXYB8dbTOrUuZ9L9bQ8Y0n7TK0X0SDsXH9jQHZw', '2025-06-03 08:17:54.295266+00', '2025-06-04 08:17:54+00', 2, '311661eb2e8f45ed84970bb0bf0094ff');
INSERT INTO public.token_blacklist_outstandingtoken (id, token, created_at, expires_at, user_id, jti) VALUES (91, 'eyJhbGciOiJIUzI1NiIsInR5cCI6IkpXVCJ9.eyJ0b2tlbl90eXBlIjoicmVmcmVzaCIsImV4cCI6MTc0OTAyNTQyOSwiaWF0IjoxNzQ4OTM5MDI5LCJqdGkiOiJhZDkzMGU5ZTEyOTk0MTMxYjFhYjQ5MGViZDU2ZWMyZSIsInVzZXJfaWQiOjJ9.HOrUK0pW7gg--X4Ek2c4k9qlbSaKSllJk4-Vf-FM3_Q', '2025-06-03 08:23:49.695207+00', '2025-06-04 08:23:49+00', 2, 'ad930e9e12994131b1ab490ebd56ec2e');
INSERT INTO public.token_blacklist_outstandingtoken (id, token, created_at, expires_at, user_id, jti) VALUES (92, 'eyJhbGciOiJIUzI1NiIsInR5cCI6IkpXVCJ9.eyJ0b2tlbl90eXBlIjoicmVmcmVzaCIsImV4cCI6MTc0OTAyNjQxMCwiaWF0IjoxNzQ4OTQwMDEwLCJqdGkiOiJiZWViMGMyNzY4ODQ0MWY1OThiOWEzNGQ2NTc1NTQxNSIsInVzZXJfaWQiOjR9.P-ZH1CjJCi-qJX31JCVD_cxdpnKG7TRdsTjS5vQcbMY', '2025-06-03 08:40:10.001604+00', '2025-06-04 08:40:10+00', 4, 'beeb0c27688441f598b9a34d65755415');
INSERT INTO public.token_blacklist_outstandingtoken (id, token, created_at, expires_at, user_id, jti) VALUES (93, 'eyJhbGciOiJIUzI1NiIsInR5cCI6IkpXVCJ9.eyJ0b2tlbl90eXBlIjoicmVmcmVzaCIsImV4cCI6MTc0OTAyNzI4NiwiaWF0IjoxNzQ4OTQwODg2LCJqdGkiOiJjZGE3MDQ1Zjg0ODI0MWJlYWE4YmY0NDU0MGZmODYwYyIsInVzZXJfaWQiOjJ9.lHIdkWuGudHoqFIXpkMiBDhYnISaTszV3KDxjPQidSA', '2025-06-03 08:54:46.814735+00', '2025-06-04 08:54:46+00', 2, 'cda7045f848241beaa8bf44540ff860c');
INSERT INTO public.token_blacklist_outstandingtoken (id, token, created_at, expires_at, user_id, jti) VALUES (94, 'eyJhbGciOiJIUzI1NiIsInR5cCI6IkpXVCJ9.eyJ0b2tlbl90eXBlIjoicmVmcmVzaCIsImV4cCI6MTc0OTAzNDk5MywiaWF0IjoxNzQ4OTQ4NTkzLCJqdGkiOiI2MDU2MzA1MTBjZjg0ZmU1YjA3NTlhNDFiODY1NTg5OCIsInVzZXJfaWQiOjJ9.-YiAIaOkIjh2tmXStgIef3wwsGri6eVThAm5G0gnBr8', '2025-06-03 11:03:13.342907+00', '2025-06-04 11:03:13+00', 2, '605630510cf84fe5b0759a41b8655898');
INSERT INTO public.token_blacklist_outstandingtoken (id, token, created_at, expires_at, user_id, jti) VALUES (95, 'eyJhbGciOiJIUzI1NiIsInR5cCI6IkpXVCJ9.eyJ0b2tlbl90eXBlIjoicmVmcmVzaCIsImV4cCI6MTc0OTAzODA4NSwiaWF0IjoxNzQ4OTUxNjg1LCJqdGkiOiJjNjlmMzg3YmM0NWU0OGEzYTYyZjU5ODZiMmYxNmZjOSIsInVzZXJfaWQiOjJ9.hQtZ5Lsb2u_ewMPSKGC-xddHPUXkAgijTecs7csD-MA', '2025-06-03 11:54:45.952003+00', '2025-06-04 11:54:45+00', 2, 'c69f387bc45e48a3a62f5986b2f16fc9');
INSERT INTO public.token_blacklist_outstandingtoken (id, token, created_at, expires_at, user_id, jti) VALUES (96, 'eyJhbGciOiJIUzI1NiIsInR5cCI6IkpXVCJ9.eyJ0b2tlbl90eXBlIjoicmVmcmVzaCIsImV4cCI6MTc0OTA0Mzk3OCwiaWF0IjoxNzQ4OTU3NTc4LCJqdGkiOiI1ZTdhMWZiZDkyNTI0ODY0YmEwZDMyNmM0MjIyZGU3MyIsInVzZXJfaWQiOjJ9.2hBEGLGWC0aP3Ey_RnzuEOiQv0Lxspg2TI_dD1R0sVc', '2025-06-03 13:32:58.762117+00', '2025-06-04 13:32:58+00', 2, '5e7a1fbd92524864ba0d326c4222de73');
INSERT INTO public.token_blacklist_outstandingtoken (id, token, created_at, expires_at, user_id, jti) VALUES (97, 'eyJhbGciOiJIUzI1NiIsInR5cCI6IkpXVCJ9.eyJ0b2tlbl90eXBlIjoicmVmcmVzaCIsImV4cCI6MTc0OTA0Nzg0NSwiaWF0IjoxNzQ4OTYxNDQ1LCJqdGkiOiIwNTBlNDM3Zjg2OGM0M2Y5ODBjNTE0ZDU5OThiMDg4NCIsInVzZXJfaWQiOjJ9.Ku_0xXI42bKb5eP_elr5P0JGzRb9RdXunidSpP1MC8k', '2025-06-03 14:37:25.244231+00', '2025-06-04 14:37:25+00', 2, '050e437f868c43f980c514d5998b0884');
INSERT INTO public.token_blacklist_outstandingtoken (id, token, created_at, expires_at, user_id, jti) VALUES (98, 'eyJhbGciOiJIUzI1NiIsInR5cCI6IkpXVCJ9.eyJ0b2tlbl90eXBlIjoicmVmcmVzaCIsImV4cCI6MTc0OTA0OTgzMSwiaWF0IjoxNzQ4OTYzNDMxLCJqdGkiOiIwMDVlOWQzMDM3MjQ0NjEzODcwYWIyMzZhYTBhZWVlYiIsInVzZXJfaWQiOjJ9.0SVAQ8WowxnAU6pt5qiKCsRi9G0MqFleko5PV1fUfW4', '2025-06-03 15:10:31.138755+00', '2025-06-04 15:10:31+00', 2, '005e9d3037244613870ab236aa0aeeeb');
INSERT INTO public.token_blacklist_outstandingtoken (id, token, created_at, expires_at, user_id, jti) VALUES (99, 'eyJhbGciOiJIUzI1NiIsInR5cCI6IkpXVCJ9.eyJ0b2tlbl90eXBlIjoicmVmcmVzaCIsImV4cCI6MTc0OTA1MTQ1OSwiaWF0IjoxNzQ4OTY1MDU5LCJqdGkiOiJhZjNlMGZjNDk3MmY0YjI0YjViMjU3NWZkYjE3OTdhYSIsInVzZXJfaWQiOjJ9.HvanVKNPXZ476N-fiyRJy6Ymf_08u-yCCAvV1gaUSOo', '2025-06-03 15:37:39.684616+00', '2025-06-04 15:37:39+00', 2, 'af3e0fc4972f4b24b5b2575fdb1797aa');
INSERT INTO public.token_blacklist_outstandingtoken (id, token, created_at, expires_at, user_id, jti) VALUES (100, 'eyJhbGciOiJIUzI1NiIsInR5cCI6IkpXVCJ9.eyJ0b2tlbl90eXBlIjoicmVmcmVzaCIsImV4cCI6MTc0OTA1MzYyMiwiaWF0IjoxNzQ4OTY3MjIyLCJqdGkiOiI2YzZiMzYxOWQ0Nzk0YjVhYjA5ODFmZTA2NTZiM2RhMCIsInVzZXJfaWQiOjJ9.iMlpa0iJKWwx1MzGJlzhf9fjJ12eeVZ5UxBLMljsRqk', '2025-06-03 16:13:42.756441+00', '2025-06-04 16:13:42+00', 2, '6c6b3619d4794b5ab0981fe0656b3da0');
INSERT INTO public.token_blacklist_outstandingtoken (id, token, created_at, expires_at, user_id, jti) VALUES (101, 'eyJhbGciOiJIUzI1NiIsInR5cCI6IkpXVCJ9.eyJ0b2tlbl90eXBlIjoicmVmcmVzaCIsImV4cCI6MTc0OTA1NTg2MywiaWF0IjoxNzQ4OTY5NDYzLCJqdGkiOiI5OTViN2QyYzNjZmE0NTRlOWI1YTg5ZmExNDIxMzdlNyIsInVzZXJfaWQiOjJ9.sWFBvnCaHUI0dHuhCIirlMJ37p4f2hW4EZ88s2l5hI0', '2025-06-03 16:51:03.056117+00', '2025-06-04 16:51:03+00', 2, '995b7d2c3cfa454e9b5a89fa142137e7');
INSERT INTO public.token_blacklist_outstandingtoken (id, token, created_at, expires_at, user_id, jti) VALUES (102, 'eyJhbGciOiJIUzI1NiIsInR5cCI6IkpXVCJ9.eyJ0b2tlbl90eXBlIjoicmVmcmVzaCIsImV4cCI6MTc0OTA1NzE5MCwiaWF0IjoxNzQ4OTcwNzkwLCJqdGkiOiIxNTQ3MTM2MjZjNDM0NDgxYjMzYjQyM2MwYjVhZTM0ZCIsInVzZXJfaWQiOjJ9.WGxrl-YCL4g4Mtp8yHRnGmt7WhjhLTbpj4sIpTtTfmE', '2025-06-03 17:13:10.943313+00', '2025-06-04 17:13:10+00', 2, '154713626c434481b33b423c0b5ae34d');
INSERT INTO public.token_blacklist_outstandingtoken (id, token, created_at, expires_at, user_id, jti) VALUES (103, 'eyJhbGciOiJIUzI1NiIsInR5cCI6IkpXVCJ9.eyJ0b2tlbl90eXBlIjoicmVmcmVzaCIsImV4cCI6MTc0OTA1ODk3OCwiaWF0IjoxNzQ4OTcyNTc4LCJqdGkiOiI3MjY4NTk4YjJmNjA0ZTlmYWJkNDNjMjUyZTkyOGZlOCIsInVzZXJfaWQiOjJ9.ilXZyqD1kzEjzNBYQ1pPHC0qp9t8klvHVkN7XpABGlo', '2025-06-03 17:42:58.0341+00', '2025-06-04 17:42:58+00', 2, '7268598b2f604e9fabd43c252e928fe8');
INSERT INTO public.token_blacklist_outstandingtoken (id, token, created_at, expires_at, user_id, jti) VALUES (104, 'eyJhbGciOiJIUzI1NiIsInR5cCI6IkpXVCJ9.eyJ0b2tlbl90eXBlIjoicmVmcmVzaCIsImV4cCI6MTc0OTA1OTU0MSwiaWF0IjoxNzQ4OTczMTQxLCJqdGkiOiI3MzcyZTI3MWMyMjY0NzllYTcxZjZiMDEwN2FlMzYzOCIsInVzZXJfaWQiOjJ9.agLuktTkvyDPboGmcrRC6iA89h7kaGCDJLkHcCNykuk', '2025-06-03 17:52:21.224266+00', '2025-06-04 17:52:21+00', 2, '7372e271c226479ea71f6b0107ae3638');
INSERT INTO public.token_blacklist_outstandingtoken (id, token, created_at, expires_at, user_id, jti) VALUES (105, 'eyJhbGciOiJIUzI1NiIsInR5cCI6IkpXVCJ9.eyJ0b2tlbl90eXBlIjoicmVmcmVzaCIsImV4cCI6MTc0OTA2MDkwMywiaWF0IjoxNzQ4OTc0NTAzLCJqdGkiOiJmNWUwMGI5MWY0NjE0ZDhjYjc1YzY1OTdkNDhiMjZkOSIsInVzZXJfaWQiOjJ9.O_ukc9baYb6PR6whwoaJN6tYCmCWDR4VIt7XhWPctM8', '2025-06-03 18:15:03.415669+00', '2025-06-04 18:15:03+00', 2, 'f5e00b91f4614d8cb75c6597d48b26d9');
INSERT INTO public.token_blacklist_outstandingtoken (id, token, created_at, expires_at, user_id, jti) VALUES (106, 'eyJhbGciOiJIUzI1NiIsInR5cCI6IkpXVCJ9.eyJ0b2tlbl90eXBlIjoicmVmcmVzaCIsImV4cCI6MTc0OTA2MjcxMywiaWF0IjoxNzQ4OTc2MzEzLCJqdGkiOiJjOWI1ODNkMzQ2MGM0MjIxYThmZWY3OGM3ZTc2MGQyMiIsInVzZXJfaWQiOjJ9.n2aulfOCkQwtqMJPqDKJ7TwaWQhik6NvwSXSUs0cyY0', '2025-06-03 18:45:13.234272+00', '2025-06-04 18:45:13+00', 2, 'c9b583d3460c4221a8fef78c7e760d22');
INSERT INTO public.token_blacklist_outstandingtoken (id, token, created_at, expires_at, user_id, jti) VALUES (107, 'eyJhbGciOiJIUzI1NiIsInR5cCI6IkpXVCJ9.eyJ0b2tlbl90eXBlIjoicmVmcmVzaCIsImV4cCI6MTc0OTA4ODI2NCwiaWF0IjoxNzQ5MDAxODY0LCJqdGkiOiIzNmJlMmUxYWU1MGQ0ODFkOTQ3YjcwZmU3MmI5MTlmMCIsInVzZXJfaWQiOjJ9.WFHTzNr8crLfDAU2u6e0gWKwi8-ODvtHXD9p2jDt32E', '2025-06-04 01:51:04.49492+00', '2025-06-05 01:51:04+00', 2, '36be2e1ae50d481d947b70fe72b919f0');
INSERT INTO public.token_blacklist_outstandingtoken (id, token, created_at, expires_at, user_id, jti) VALUES (108, 'eyJhbGciOiJIUzI1NiIsInR5cCI6IkpXVCJ9.eyJ0b2tlbl90eXBlIjoicmVmcmVzaCIsImV4cCI6MTc0OTA4OTc2MywiaWF0IjoxNzQ5MDAzMzYzLCJqdGkiOiJhMTdjZjZlNGI2ODY0ODc1YWNhZjQzMWQ3NWRlMGU0ZiIsInVzZXJfaWQiOjJ9.JJTX_iJQrQz3uyCME4vfdW5LaK7LMoc6gkTT--yeqZA', '2025-06-04 02:16:03.587805+00', '2025-06-05 02:16:03+00', 2, 'a17cf6e4b6864875acaf431d75de0e4f');
INSERT INTO public.token_blacklist_outstandingtoken (id, token, created_at, expires_at, user_id, jti) VALUES (109, 'eyJhbGciOiJIUzI1NiIsInR5cCI6IkpXVCJ9.eyJ0b2tlbl90eXBlIjoicmVmcmVzaCIsImV4cCI6MTc0OTA5MzAxNSwiaWF0IjoxNzQ5MDA2NjE1LCJqdGkiOiIxYTkzOTZiY2FlMWE0ZWZhOTE1ZTZhY2M1OTUxOTIwZCIsInVzZXJfaWQiOjJ9.sdg_GL9pWMZXMa3mN7FRnnAIdwOn2TPpAkSBq-_70WA', '2025-06-04 03:10:15.614729+00', '2025-06-05 03:10:15+00', 2, '1a9396bcae1a4efa915e6acc5951920d');
INSERT INTO public.token_blacklist_outstandingtoken (id, token, created_at, expires_at, user_id, jti) VALUES (110, 'eyJhbGciOiJIUzI1NiIsInR5cCI6IkpXVCJ9.eyJ0b2tlbl90eXBlIjoicmVmcmVzaCIsImV4cCI6MTc0OTA5NTY2MCwiaWF0IjoxNzQ5MDA5MjYwLCJqdGkiOiJlODBmMWZiYjdiNjk0NmRhYmEyZTljYzk1N2RlNzVmZSIsInVzZXJfaWQiOjJ9.6I4OK02rjty93wgkrpD7PDt4-A-KoFYCQKyP-gSRat8', '2025-06-04 03:54:20.547847+00', '2025-06-05 03:54:20+00', 2, 'e80f1fbb7b6946daba2e9cc957de75fe');
INSERT INTO public.token_blacklist_outstandingtoken (id, token, created_at, expires_at, user_id, jti) VALUES (111, 'eyJhbGciOiJIUzI1NiIsInR5cCI6IkpXVCJ9.eyJ0b2tlbl90eXBlIjoicmVmcmVzaCIsImV4cCI6MTc0OTA5ODUxMCwiaWF0IjoxNzQ5MDEyMTEwLCJqdGkiOiJiY2RhNWM2MDA2NDQ0ZjRjODJjYzA4ZjYzMGMyMGJhYyIsInVzZXJfaWQiOjJ9.oGuqKazBLeitB9dyDYO2l6AW3A22QH-7LYz9g6UViqs', '2025-06-04 04:41:50.891324+00', '2025-06-05 04:41:50+00', 2, 'bcda5c6006444f4c82cc08f630c20bac');
INSERT INTO public.token_blacklist_outstandingtoken (id, token, created_at, expires_at, user_id, jti) VALUES (112, 'eyJhbGciOiJIUzI1NiIsInR5cCI6IkpXVCJ9.eyJ0b2tlbl90eXBlIjoicmVmcmVzaCIsImV4cCI6MTc0OTEwMTcyOSwiaWF0IjoxNzQ5MDE1MzI5LCJqdGkiOiJjOWEyN2JkYTRhZDQ0Zjc5OTVjZTlmODkyODYyMjQ3YyIsInVzZXJfaWQiOjJ9.xPR9MWeBAW9mA6YoiP-B6uXSVoUj_Nd9cCZtCpQf18A', '2025-06-04 05:35:29.320886+00', '2025-06-05 05:35:29+00', 2, 'c9a27bda4ad44f7995ce9f892862247c');
INSERT INTO public.token_blacklist_outstandingtoken (id, token, created_at, expires_at, user_id, jti) VALUES (113, 'eyJhbGciOiJIUzI1NiIsInR5cCI6IkpXVCJ9.eyJ0b2tlbl90eXBlIjoicmVmcmVzaCIsImV4cCI6MTc0OTEwMjk2NiwiaWF0IjoxNzQ5MDE2NTY2LCJqdGkiOiI2ODk0ODY2M2VkNzc0N2EyODU5Y2FiNDQxNDA0NmQwZCIsInVzZXJfaWQiOjJ9.vtomLwoRM9TZ39oh0kgEBza_Cb42R9po4I2ubkdI1SE', '2025-06-04 05:56:06.539618+00', '2025-06-05 05:56:06+00', 2, '68948663ed7747a2859cab4414046d0d');
INSERT INTO public.token_blacklist_outstandingtoken (id, token, created_at, expires_at, user_id, jti) VALUES (114, 'eyJhbGciOiJIUzI1NiIsInR5cCI6IkpXVCJ9.eyJ0b2tlbl90eXBlIjoicmVmcmVzaCIsImV4cCI6MTc0OTEwNDI1MSwiaWF0IjoxNzQ5MDE3ODUxLCJqdGkiOiIwNjgzNTZhNTdhZDI0YTFkYTNlM2NkM2QwN2JlMjlkZCIsInVzZXJfaWQiOjJ9.e5LHdTv6ozAKnUQ39r9jOJhMzu2I0N0A4yrSmf18nnI', '2025-06-04 06:17:31.97897+00', '2025-06-05 06:17:31+00', 2, '068356a57ad24a1da3e3cd3d07be29dd');
INSERT INTO public.token_blacklist_outstandingtoken (id, token, created_at, expires_at, user_id, jti) VALUES (115, 'eyJhbGciOiJIUzI1NiIsInR5cCI6IkpXVCJ9.eyJ0b2tlbl90eXBlIjoicmVmcmVzaCIsImV4cCI6MTc0OTEwNTA3NywiaWF0IjoxNzQ5MDE4Njc3LCJqdGkiOiJjMGMxYjVkYmRlNGY0ZDc2OWQ2MzYwNDY2N2MxYTFmMSIsInVzZXJfaWQiOjJ9.Ojn7ZlnDgzFDW1ZW4azvds7XYWwyU9g1N4AN-tLJIlY', '2025-06-04 06:31:17.013785+00', '2025-06-05 06:31:17+00', 2, 'c0c1b5dbde4f4d769d63604667c1a1f1');
INSERT INTO public.token_blacklist_outstandingtoken (id, token, created_at, expires_at, user_id, jti) VALUES (116, 'eyJhbGciOiJIUzI1NiIsInR5cCI6IkpXVCJ9.eyJ0b2tlbl90eXBlIjoicmVmcmVzaCIsImV4cCI6MTc0OTEwNjkwMSwiaWF0IjoxNzQ5MDIwNTAxLCJqdGkiOiIwNjFmZjIwZjRkYmI0ZGJjYjg0NWUzNTg3OGQ0MjMyZiIsInVzZXJfaWQiOjJ9.WX3_UdIj3UeHzrk7VzCjrjkMKK_VY-IphLKrHV8RWAc', '2025-06-04 07:01:41.098058+00', '2025-06-05 07:01:41+00', 2, '061ff20f4dbb4dbcb845e35878d4232f');
INSERT INTO public.token_blacklist_outstandingtoken (id, token, created_at, expires_at, user_id, jti) VALUES (117, 'eyJhbGciOiJIUzI1NiIsInR5cCI6IkpXVCJ9.eyJ0b2tlbl90eXBlIjoicmVmcmVzaCIsImV4cCI6MTc0OTEwNzUxNSwiaWF0IjoxNzQ5MDIxMTE1LCJqdGkiOiI0NTZhN2IwMGI1NDE0ZmY3YTlmYTdmOTRmN2M2OGQwNSIsInVzZXJfaWQiOjJ9.tBJnDxBiY4OhYsZhwBUWrz2pkj6KUW6MSUvhSb4XqUA', '2025-06-04 07:11:55.203318+00', '2025-06-05 07:11:55+00', 2, '456a7b00b5414ff7a9fa7f94f7c68d05');
INSERT INTO public.token_blacklist_outstandingtoken (id, token, created_at, expires_at, user_id, jti) VALUES (118, 'eyJhbGciOiJIUzI1NiIsInR5cCI6IkpXVCJ9.eyJ0b2tlbl90eXBlIjoicmVmcmVzaCIsImV4cCI6MTc0OTEwODc3OSwiaWF0IjoxNzQ5MDIyMzc5LCJqdGkiOiI3MGY1NWE3NmJkOWU0ZTNjODNjOWNjNmMwYTdiMTkyZSIsInVzZXJfaWQiOjR9.gACK1MCzj7Phra30V_PbOzyrGk1H4XBCJDWCKAGNgLA', '2025-06-04 07:32:59.427732+00', '2025-06-05 07:32:59+00', 4, '70f55a76bd9e4e3c83c9cc6c0a7b192e');
INSERT INTO public.token_blacklist_outstandingtoken (id, token, created_at, expires_at, user_id, jti) VALUES (119, 'eyJhbGciOiJIUzI1NiIsInR5cCI6IkpXVCJ9.eyJ0b2tlbl90eXBlIjoicmVmcmVzaCIsImV4cCI6MTc0OTEwODc4MywiaWF0IjoxNzQ5MDIyMzgzLCJqdGkiOiIxMjI2ZTFkN2FlYTE0NzgzOGRhMDgyMDM5NjljN2FmOCIsInVzZXJfaWQiOjR9.gjeVM1CK_l11_eJayQ3cV7gM0jTMfFVdcx6_qOdwxVM', '2025-06-04 07:33:03.540569+00', '2025-06-05 07:33:03+00', 4, '1226e1d7aea147838da08203969c7af8');
INSERT INTO public.token_blacklist_outstandingtoken (id, token, created_at, expires_at, user_id, jti) VALUES (120, 'eyJhbGciOiJIUzI1NiIsInR5cCI6IkpXVCJ9.eyJ0b2tlbl90eXBlIjoicmVmcmVzaCIsImV4cCI6MTc0OTEwODc4NiwiaWF0IjoxNzQ5MDIyMzg2LCJqdGkiOiIxODIzNDZlYWRiMjE0NmVkYTUxMTc3Y2Q3YTk1ZjhjOCIsInVzZXJfaWQiOjR9.yr4x-_NtGVb0B-AwMeImdQq84evesXr8NUxOhBNI2_o', '2025-06-04 07:33:06.729569+00', '2025-06-05 07:33:06+00', 4, '182346eadb2146eda51177cd7a95f8c8');
INSERT INTO public.token_blacklist_outstandingtoken (id, token, created_at, expires_at, user_id, jti) VALUES (121, 'eyJhbGciOiJIUzI1NiIsInR5cCI6IkpXVCJ9.eyJ0b2tlbl90eXBlIjoicmVmcmVzaCIsImV4cCI6MTc0OTEwOTQ3MSwiaWF0IjoxNzQ5MDIzMDcxLCJqdGkiOiJjYTcxNjNiZDYwMzg0M2RlYTFlNjY1YjQ4OTlmMmQ4ZSIsInVzZXJfaWQiOjJ9.28IVoZLRMn-kPL99nMWszeBejR2E-DYz7ux81tteCjs', '2025-06-04 07:44:31.773389+00', '2025-06-05 07:44:31+00', 2, 'ca7163bd603843dea1e665b4899f2d8e');
INSERT INTO public.token_blacklist_outstandingtoken (id, token, created_at, expires_at, user_id, jti) VALUES (122, 'eyJhbGciOiJIUzI1NiIsInR5cCI6IkpXVCJ9.eyJ0b2tlbl90eXBlIjoicmVmcmVzaCIsImV4cCI6MTc0OTEwOTYyMCwiaWF0IjoxNzQ5MDIzMjIwLCJqdGkiOiJhMTI5NjVhZjg2YmQ0MTIyYjhmMTc2ODdhYjViM2M0ZSIsInVzZXJfaWQiOjR9.gsSrHb37QG6t4MWrGA8LLV0aztX5tyltiCojEvBtt5A', '2025-06-04 07:47:00.785944+00', '2025-06-05 07:47:00+00', 4, 'a12965af86bd4122b8f17687ab5b3c4e');
INSERT INTO public.token_blacklist_outstandingtoken (id, token, created_at, expires_at, user_id, jti) VALUES (123, 'eyJhbGciOiJIUzI1NiIsInR5cCI6IkpXVCJ9.eyJ0b2tlbl90eXBlIjoicmVmcmVzaCIsImV4cCI6MTc0OTEwOTcxMSwiaWF0IjoxNzQ5MDIzMzExLCJqdGkiOiIxZjQzNDlmYzQzZTA0NjBjODQ0ZTQzNDM5YmQ4YjgwYSIsInVzZXJfaWQiOjR9.R3P0XxYcJPfME6UB4VgKROgAF7LcioyWkM6YGoWfdM8', '2025-06-04 07:48:31.37938+00', '2025-06-05 07:48:31+00', 4, '1f4349fc43e0460c844e43439bd8b80a');
INSERT INTO public.token_blacklist_outstandingtoken (id, token, created_at, expires_at, user_id, jti) VALUES (124, 'eyJhbGciOiJIUzI1NiIsInR5cCI6IkpXVCJ9.eyJ0b2tlbl90eXBlIjoicmVmcmVzaCIsImV4cCI6MTc0OTEwOTcyOCwiaWF0IjoxNzQ5MDIzMzI4LCJqdGkiOiIwN2NmZDc2NjBhMTc0YzRkYjE5ZDA3OGM3NTY4MGU2ZSIsInVzZXJfaWQiOjR9.iR5wJ56CGhpxizIueHVcP2CnBUKX9HMmxEYkgI1RwTY', '2025-06-04 07:48:48.78062+00', '2025-06-05 07:48:48+00', 4, '07cfd7660a174c4db19d078c75680e6e');
INSERT INTO public.token_blacklist_outstandingtoken (id, token, created_at, expires_at, user_id, jti) VALUES (125, 'eyJhbGciOiJIUzI1NiIsInR5cCI6IkpXVCJ9.eyJ0b2tlbl90eXBlIjoicmVmcmVzaCIsImV4cCI6MTc0OTEwOTczNywiaWF0IjoxNzQ5MDIzMzM3LCJqdGkiOiIwZmVmMTFiMzQ1YzE0YTM2ODY0MThhYWRkNTQ1NjMzOCIsInVzZXJfaWQiOjR9.lkjJHUYv3ZTdUSukFs5Wi08xICRJmYalwE4AYFpTjEQ', '2025-06-04 07:48:57.579107+00', '2025-06-05 07:48:57+00', 4, '0fef11b345c14a3686418aadd5456338');
INSERT INTO public.token_blacklist_outstandingtoken (id, token, created_at, expires_at, user_id, jti) VALUES (126, 'eyJhbGciOiJIUzI1NiIsInR5cCI6IkpXVCJ9.eyJ0b2tlbl90eXBlIjoicmVmcmVzaCIsImV4cCI6MTc0OTEwOTgzNiwiaWF0IjoxNzQ5MDIzNDM2LCJqdGkiOiJhZmM4ZGQ4MGFjODM0ZGE1OGYwODIwMTJhYWEyNzY1NyIsInVzZXJfaWQiOjR9.7p1DAR5abRYenI7LqiBuDZ2i5sDSDnvhTaX4z1V1INE', '2025-06-04 07:50:36.286813+00', '2025-06-05 07:50:36+00', 4, 'afc8dd80ac834da58f082012aaa27657');
INSERT INTO public.token_blacklist_outstandingtoken (id, token, created_at, expires_at, user_id, jti) VALUES (127, 'eyJhbGciOiJIUzI1NiIsInR5cCI6IkpXVCJ9.eyJ0b2tlbl90eXBlIjoicmVmcmVzaCIsImV4cCI6MTc0OTEwOTkwNSwiaWF0IjoxNzQ5MDIzNTA1LCJqdGkiOiI1ZDZlOThjYTM2ZGY0ZGYxODM5M2JiMWVmMDcyNmYzZCIsInVzZXJfaWQiOjJ9.aYkBpSCJElP9uewGuHTuRGDvd8ITsIsfzkyZ3Wdjd6g', '2025-06-04 07:51:45.756405+00', '2025-06-05 07:51:45+00', 2, '5d6e98ca36df4df18393bb1ef0726f3d');
INSERT INTO public.token_blacklist_outstandingtoken (id, token, created_at, expires_at, user_id, jti) VALUES (128, 'eyJhbGciOiJIUzI1NiIsInR5cCI6IkpXVCJ9.eyJ0b2tlbl90eXBlIjoicmVmcmVzaCIsImV4cCI6MTc0OTExMDQ3NiwiaWF0IjoxNzQ5MDI0MDc2LCJqdGkiOiI2ZmQ5MTYzODMxZTc0ZTMxOGJhMmEyNWVlZWEyZjQ1OSIsInVzZXJfaWQiOjN9.QQ7867otN1rmVkaR8Zts9bFjdOqLhUtMi6xxyZtmNfM', '2025-06-04 08:01:16.656557+00', '2025-06-05 08:01:16+00', 3, '6fd9163831e74e318ba2a25eeea2f459');
INSERT INTO public.token_blacklist_outstandingtoken (id, token, created_at, expires_at, user_id, jti) VALUES (129, 'eyJhbGciOiJIUzI1NiIsInR5cCI6IkpXVCJ9.eyJ0b2tlbl90eXBlIjoicmVmcmVzaCIsImV4cCI6MTc0OTExNjUwNywiaWF0IjoxNzQ5MDMwMTA3LCJqdGkiOiJkYTFlZjM3NDUwZDE0Y2NjYjliOTIxNmU4NTI2OWI3NSIsInVzZXJfaWQiOjR9.o5YdDwbb9elZLXIL9ldo_CgzKt79BUU_ij0ZFauJ-qI', '2025-06-04 09:41:47.460971+00', '2025-06-05 09:41:47+00', 4, 'da1ef37450d14cccb9b9216e85269b75');
INSERT INTO public.token_blacklist_outstandingtoken (id, token, created_at, expires_at, user_id, jti) VALUES (130, 'eyJhbGciOiJIUzI1NiIsInR5cCI6IkpXVCJ9.eyJ0b2tlbl90eXBlIjoicmVmcmVzaCIsImV4cCI6MTc0OTEyMTcyNCwiaWF0IjoxNzQ5MDM1MzI0LCJqdGkiOiJhMDI0MjQyY2M0NmY0ZmM3YjJhYzc3NzRiY2VhZWVmMiIsInVzZXJfaWQiOjR9.pNQI378AnEATAbF_KetylbAt7O1V0w2ighyjC010qrk', '2025-06-04 11:08:44.439849+00', '2025-06-05 11:08:44+00', 4, 'a024242cc46f4fc7b2ac7774bceaeef2');
INSERT INTO public.token_blacklist_outstandingtoken (id, token, created_at, expires_at, user_id, jti) VALUES (131, 'eyJhbGciOiJIUzI1NiIsInR5cCI6IkpXVCJ9.eyJ0b2tlbl90eXBlIjoicmVmcmVzaCIsImV4cCI6MTc0OTEyMzI0NSwiaWF0IjoxNzQ5MDM2ODQ1LCJqdGkiOiJhMTQxN2I0MjMxYTY0OTBlYjMzZGI1ZTJmYmU2N2M2YyIsInVzZXJfaWQiOjR9.i4aj5CiXmHtN-jgCrJCY5VaWWiqMiF4G4xv2Mgv8xIE', '2025-06-04 11:34:05.537803+00', '2025-06-05 11:34:05+00', 4, 'a1417b4231a6490eb33db5e2fbe67c6c');
INSERT INTO public.token_blacklist_outstandingtoken (id, token, created_at, expires_at, user_id, jti) VALUES (132, 'eyJhbGciOiJIUzI1NiIsInR5cCI6IkpXVCJ9.eyJ0b2tlbl90eXBlIjoicmVmcmVzaCIsImV4cCI6MTc0OTEzMjk3OSwiaWF0IjoxNzQ5MDQ2NTc5LCJqdGkiOiJiMzdmZDgyMTk4MTI0NDBlODk5NThiOGIxYTI3Y2I3OCIsInVzZXJfaWQiOjN9.EWJIXIIRpl-1rFQbOZEbAj__UVpvrwXf_lOuuaStY6A', '2025-06-04 14:16:19.475975+00', '2025-06-05 14:16:19+00', 3, 'b37fd8219812440e89958b8b1a27cb78');
INSERT INTO public.token_blacklist_outstandingtoken (id, token, created_at, expires_at, user_id, jti) VALUES (133, 'eyJhbGciOiJIUzI1NiIsInR5cCI6IkpXVCJ9.eyJ0b2tlbl90eXBlIjoicmVmcmVzaCIsImV4cCI6MTc0OTEzNjg4MCwiaWF0IjoxNzQ5MDUwNDgwLCJqdGkiOiJiNzZlYWYzMzBiZmQ0ZWZkYmE0MzliOWI3Y2U0NTMxNiIsInVzZXJfaWQiOjN9.-y4A1CAkAar06o3vQakCp7lto8c945muXTRyqDGjGtQ', '2025-06-04 15:21:20.258924+00', '2025-06-05 15:21:20+00', 3, 'b76eaf330bfd4efdba439b9b7ce45316');
INSERT INTO public.token_blacklist_outstandingtoken (id, token, created_at, expires_at, user_id, jti) VALUES (134, 'eyJhbGciOiJIUzI1NiIsInR5cCI6IkpXVCJ9.eyJ0b2tlbl90eXBlIjoicmVmcmVzaCIsImV4cCI6MTc0OTEzNzQ0OCwiaWF0IjoxNzQ5MDUxMDQ4LCJqdGkiOiJlNmYzNDhiM2E4ODU0MGQyOGNiNmRkNzAxN2I0MTIyNyIsInVzZXJfaWQiOjJ9.TANF0kLfbJP8ih7hwrNO4I7djh67-CDQV3evocxTo5Y', '2025-06-04 15:30:48.658725+00', '2025-06-05 15:30:48+00', 2, 'e6f348b3a88540d28cb6dd7017b41227');
INSERT INTO public.token_blacklist_outstandingtoken (id, token, created_at, expires_at, user_id, jti) VALUES (135, 'eyJhbGciOiJIUzI1NiIsInR5cCI6IkpXVCJ9.eyJ0b2tlbl90eXBlIjoicmVmcmVzaCIsImV4cCI6MTc0OTEzOTk3NCwiaWF0IjoxNzQ5MDUzNTc0LCJqdGkiOiIyNzRjMjVkNjYzODU0NTJlYTEzNDE3MzAyN2JhMDMyNSIsInVzZXJfaWQiOjJ9.8rDSbu9D5TDkaQu8zrYWVs5e1WfxKuZsCTP-MrpddxI', '2025-06-04 16:12:54.351816+00', '2025-06-05 16:12:54+00', 2, '274c25d66385452ea134173027ba0325');
INSERT INTO public.token_blacklist_outstandingtoken (id, token, created_at, expires_at, user_id, jti) VALUES (136, 'eyJhbGciOiJIUzI1NiIsInR5cCI6IkpXVCJ9.eyJ0b2tlbl90eXBlIjoicmVmcmVzaCIsImV4cCI6MTc0OTE0MzE1NCwiaWF0IjoxNzQ5MDU2NzU0LCJqdGkiOiIxY2U3NTFhODk0NWE0YmYzYmNkYmQ2YTlhNGM2MjAwZCIsInVzZXJfaWQiOjJ9.ezPVpMoOmgro1CjouGY_rr6a1_M_r5T1oJ4uxzCG9Fg', '2025-06-04 17:05:54.966179+00', '2025-06-05 17:05:54+00', 2, '1ce751a8945a4bf3bcdbd6a9a4c6200d');
INSERT INTO public.token_blacklist_outstandingtoken (id, token, created_at, expires_at, user_id, jti) VALUES (137, 'eyJhbGciOiJIUzI1NiIsInR5cCI6IkpXVCJ9.eyJ0b2tlbl90eXBlIjoicmVmcmVzaCIsImV4cCI6MTc0OTE0NTI4MiwiaWF0IjoxNzQ5MDU4ODgyLCJqdGkiOiIzNGZhMjQzZDQ5MmY0ZWQ5OTY1YzYxNTI0MWY5ZjQ4ZCIsInVzZXJfaWQiOjJ9.8LQ7328k0CMBMXhlWQ1_FmwJP57Q5g_G-ppw1Z8icEM', '2025-06-04 17:41:22.858665+00', '2025-06-05 17:41:22+00', 2, '34fa243d492f4ed9965c615241f9f48d');
INSERT INTO public.token_blacklist_outstandingtoken (id, token, created_at, expires_at, user_id, jti) VALUES (138, 'eyJhbGciOiJIUzI1NiIsInR5cCI6IkpXVCJ9.eyJ0b2tlbl90eXBlIjoicmVmcmVzaCIsImV4cCI6MTc0OTE0NTUzNywiaWF0IjoxNzQ5MDU5MTM3LCJqdGkiOiJjNTBkNjdiOTlmODA0MWEzOTAyZTcxMjBmZDQ0MTRkNiIsInVzZXJfaWQiOjJ9.xcB1HNS2YEnIth5rx98J40Qw4M-PNTGReMDcWxBvWWA', '2025-06-04 17:45:37.555039+00', '2025-06-05 17:45:37+00', 2, 'c50d67b99f8041a3902e7120fd4414d6');
INSERT INTO public.token_blacklist_outstandingtoken (id, token, created_at, expires_at, user_id, jti) VALUES (139, 'eyJhbGciOiJIUzI1NiIsInR5cCI6IkpXVCJ9.eyJ0b2tlbl90eXBlIjoicmVmcmVzaCIsImV4cCI6MTc0OTE0NTg0OCwiaWF0IjoxNzQ5MDU5NDQ4LCJqdGkiOiJiNjU0YjJjZGRlYzc0MDE2OWRhNzFlNmVkYjUxZTRiMyIsInVzZXJfaWQiOjJ9.dEL6Zhyt-SGItFDhxpQY5DJRuSjPbrxt3sy9tyPYqsI', '2025-06-04 17:50:48.331073+00', '2025-06-05 17:50:48+00', 2, 'b654b2cddec740169da71e6edb51e4b3');
INSERT INTO public.token_blacklist_outstandingtoken (id, token, created_at, expires_at, user_id, jti) VALUES (140, 'eyJhbGciOiJIUzI1NiIsInR5cCI6IkpXVCJ9.eyJ0b2tlbl90eXBlIjoicmVmcmVzaCIsImV4cCI6MTc0OTE0NzYwNiwiaWF0IjoxNzQ5MDYxMjA2LCJqdGkiOiJmM2IwNGQ5OGI1MjM0NTBlODZjYThjYzhhMTlmOTVhNyIsInVzZXJfaWQiOjJ9.whkzpeTrICni7dkAM2X4EfeyYdEqf0sKGwO9AEyTseI', '2025-06-04 18:20:06.725715+00', '2025-06-05 18:20:06+00', 2, 'f3b04d98b523450e86ca8cc8a19f95a7');
INSERT INTO public.token_blacklist_outstandingtoken (id, token, created_at, expires_at, user_id, jti) VALUES (141, 'eyJhbGciOiJIUzI1NiIsInR5cCI6IkpXVCJ9.eyJ0b2tlbl90eXBlIjoicmVmcmVzaCIsImV4cCI6MTc0OTE0ODc4MywiaWF0IjoxNzQ5MDYyMzgzLCJqdGkiOiJkMjRmZWEzYjRhMDk0MzVkYTc5ZWYyZjFlZTBhYmRlYiIsInVzZXJfaWQiOjJ9.SbUKrDoXWtBIMLZO3Aq3qRgNZf-6nAD2yO3ARY0HVUw', '2025-06-04 18:39:43.043292+00', '2025-06-05 18:39:43+00', 2, 'd24fea3b4a09435da79ef2f1ee0abdeb');
INSERT INTO public.token_blacklist_outstandingtoken (id, token, created_at, expires_at, user_id, jti) VALUES (142, 'eyJhbGciOiJIUzI1NiIsInR5cCI6IkpXVCJ9.eyJ0b2tlbl90eXBlIjoicmVmcmVzaCIsImV4cCI6MTc0OTE0OTQ5OCwiaWF0IjoxNzQ5MDYzMDk4LCJqdGkiOiI4ZTMxNWY2MTRiMWE0N2RiYTAyNWYzNDJkODEwNTA5NyIsInVzZXJfaWQiOjJ9.2YN1CIysNDUHYETv_4then-39qspnHi_6aEhb8nGNJY', '2025-06-04 18:51:38.758753+00', '2025-06-05 18:51:38+00', 2, '8e315f614b1a47dba025f342d8105097');
INSERT INTO public.token_blacklist_outstandingtoken (id, token, created_at, expires_at, user_id, jti) VALUES (143, 'eyJhbGciOiJIUzI1NiIsInR5cCI6IkpXVCJ9.eyJ0b2tlbl90eXBlIjoicmVmcmVzaCIsImV4cCI6MTc0OTE1MDQ3OSwiaWF0IjoxNzQ5MDY0MDc5LCJqdGkiOiI0NjZkYjEyYTlkYjc0MThlYmExMDQwZTgwMDhiYjUwYSIsInVzZXJfaWQiOjJ9.KX1kuLWAokcpkeD24JQgfjwZEc9ale_yKuurCKgL-6Y', '2025-06-04 19:07:59.087642+00', '2025-06-05 19:07:59+00', 2, '466db12a9db7418eba1040e8008bb50a');
INSERT INTO public.token_blacklist_outstandingtoken (id, token, created_at, expires_at, user_id, jti) VALUES (144, 'eyJhbGciOiJIUzI1NiIsInR5cCI6IkpXVCJ9.eyJ0b2tlbl90eXBlIjoicmVmcmVzaCIsImV4cCI6MTc0OTE1MTk2OSwiaWF0IjoxNzQ5MDY1NTY5LCJqdGkiOiJjYWJmYzIwMDNjYWY0ZDFlOTlmMWZmMTRiZDYyOTg2NCIsInVzZXJfaWQiOjJ9.zzqN16S5ZVIL-hFsM3CkZ_hzi8FQluU9_h5o0-yWQyw', '2025-06-04 19:32:49.596096+00', '2025-06-05 19:32:49+00', 2, 'cabfc2003caf4d1e99f1ff14bd629864');
INSERT INTO public.token_blacklist_outstandingtoken (id, token, created_at, expires_at, user_id, jti) VALUES (145, 'eyJhbGciOiJIUzI1NiIsInR5cCI6IkpXVCJ9.eyJ0b2tlbl90eXBlIjoicmVmcmVzaCIsImV4cCI6MTc0OTE1MzE1MCwiaWF0IjoxNzQ5MDY2NzUwLCJqdGkiOiIzZjJjNzAyMjliZjM0OWRkOTM0NzQwOTRjZmQxZTIzMCIsInVzZXJfaWQiOjJ9.T4dmH0vvLWwvkaIMSOTqEOrFqn1MOqrff5OfaFkZk3Y', '2025-06-04 19:52:30.478172+00', '2025-06-05 19:52:30+00', 2, '3f2c70229bf349dd93474094cfd1e230');
INSERT INTO public.token_blacklist_outstandingtoken (id, token, created_at, expires_at, user_id, jti) VALUES (146, 'eyJhbGciOiJIUzI1NiIsInR5cCI6IkpXVCJ9.eyJ0b2tlbl90eXBlIjoicmVmcmVzaCIsImV4cCI6MTc0OTE1NTIwNCwiaWF0IjoxNzQ5MDY4ODA0LCJqdGkiOiJjOWI1MWRhZjIzOGU0ZDljYTUzNTcyYTg5OTRkNjNkMSIsInVzZXJfaWQiOjJ9.SoSr60pUBbpD6TNX8udhuqzRTIsNHc1P3bOca8kB3Ts', '2025-06-04 20:26:44.029473+00', '2025-06-05 20:26:44+00', 2, 'c9b51daf238e4d9ca53572a8994d63d1');
INSERT INTO public.token_blacklist_outstandingtoken (id, token, created_at, expires_at, user_id, jti) VALUES (147, 'eyJhbGciOiJIUzI1NiIsInR5cCI6IkpXVCJ9.eyJ0b2tlbl90eXBlIjoicmVmcmVzaCIsImV4cCI6MTc0OTE1NzA2NSwiaWF0IjoxNzQ5MDcwNjY1LCJqdGkiOiJiNGZhNjQ2YzdjYjU0MjdjOGNlNTU2YTlmODk4NWQ1YSIsInVzZXJfaWQiOjJ9.eRFejN7hT9mLT92SCZXW1I4h4LkUO79arLqNrcMJ6Rs', '2025-06-04 20:57:45.811002+00', '2025-06-05 20:57:45+00', 2, 'b4fa646c7cb5427c8ce556a9f8985d5a');
INSERT INTO public.token_blacklist_outstandingtoken (id, token, created_at, expires_at, user_id, jti) VALUES (148, 'eyJhbGciOiJIUzI1NiIsInR5cCI6IkpXVCJ9.eyJ0b2tlbl90eXBlIjoicmVmcmVzaCIsImV4cCI6MTc0OTE1OTk2OSwiaWF0IjoxNzQ5MDczNTY5LCJqdGkiOiJkMGM1YmEwNzg3ZmU0MTQyYWMzMmY0M2FjYTM1MThmOSIsInVzZXJfaWQiOjJ9.qqtuTo_XGnOK4ZOrIS0PEj3g66WKUGG07SL787aAP6o', '2025-06-04 21:46:09.805284+00', '2025-06-05 21:46:09+00', 2, 'd0c5ba0787fe4142ac32f43aca3518f9');
INSERT INTO public.token_blacklist_outstandingtoken (id, token, created_at, expires_at, user_id, jti) VALUES (149, 'eyJhbGciOiJIUzI1NiIsInR5cCI6IkpXVCJ9.eyJ0b2tlbl90eXBlIjoicmVmcmVzaCIsImV4cCI6MTc0OTE2MDU5MywiaWF0IjoxNzQ5MDc0MTkzLCJqdGkiOiI4OTNmMGRmNTgyZWU0ODZhYjJmNDhlNzRlZWZhODQwMiIsInVzZXJfaWQiOjJ9.Ulk6-vCzE5-834mhbOW7H6raC_usxPUARCVyxmMG2XM', '2025-06-04 21:56:33.061679+00', '2025-06-05 21:56:33+00', 2, '893f0df582ee486ab2f48e74eefa8402');
INSERT INTO public.token_blacklist_outstandingtoken (id, token, created_at, expires_at, user_id, jti) VALUES (150, 'eyJhbGciOiJIUzI1NiIsInR5cCI6IkpXVCJ9.eyJ0b2tlbl90eXBlIjoicmVmcmVzaCIsImV4cCI6MTc0OTE2MDY2NiwiaWF0IjoxNzQ5MDc0MjY2LCJqdGkiOiJiMWQ5MWYwOTgxMmY0NTY3YjQ1MTc1MGQ5NDQ4ZjI4OCIsInVzZXJfaWQiOjF9.fr3gq2bTOaEOH2yNqQiZWy2vIuts5jGcHvzjsq_-Ir0', '2025-06-04 21:57:46.455478+00', '2025-06-05 21:57:46+00', 1, 'b1d91f09812f4567b451750d9448f288');
INSERT INTO public.token_blacklist_outstandingtoken (id, token, created_at, expires_at, user_id, jti) VALUES (151, 'eyJhbGciOiJIUzI1NiIsInR5cCI6IkpXVCJ9.eyJ0b2tlbl90eXBlIjoicmVmcmVzaCIsImV4cCI6MTc0OTE2MTMzMCwiaWF0IjoxNzQ5MDc0OTMwLCJqdGkiOiI0ZmMwOGYzZGUwOWM0ODJjOThlYTk1MDNhYTlhNmJiMSIsInVzZXJfaWQiOjF9.l1Tz06UWSJ8mrAUlzrewgtPns3fKDLHVJabTEA8Lg4c', '2025-06-04 22:08:50.535489+00', '2025-06-05 22:08:50+00', 1, '4fc08f3de09c482c98ea9503aa9a6bb1');
INSERT INTO public.token_blacklist_outstandingtoken (id, token, created_at, expires_at, user_id, jti) VALUES (152, 'eyJhbGciOiJIUzI1NiIsInR5cCI6IkpXVCJ9.eyJ0b2tlbl90eXBlIjoicmVmcmVzaCIsImV4cCI6MTc0OTE2MjI0NiwiaWF0IjoxNzQ5MDc1ODQ2LCJqdGkiOiI1NGRlNDNkNjM0ZWQ0MTdjYTU4YmJjOGRiMDhhYTZlYSIsInVzZXJfaWQiOjF9.MEwhcNIEdj_LO4BcPYfiv8KDbR0sE7axkEWUE4SQQG4', '2025-06-04 22:24:06.371979+00', '2025-06-05 22:24:06+00', 1, '54de43d634ed417ca58bbc8db08aa6ea');
INSERT INTO public.token_blacklist_outstandingtoken (id, token, created_at, expires_at, user_id, jti) VALUES (153, 'eyJhbGciOiJIUzI1NiIsInR5cCI6IkpXVCJ9.eyJ0b2tlbl90eXBlIjoicmVmcmVzaCIsImV4cCI6MTc0OTE2NDA4MiwiaWF0IjoxNzQ5MDc3NjgyLCJqdGkiOiJiMjJhMDg0MzBmZjA0ZjZhYmVjNmJhMDJkMGY5ZGU4NSIsInVzZXJfaWQiOjF9.oD3DkCSaVGM5xcGOLF0ufrZGvxGl4sMR3lQP8oJMBnQ', '2025-06-04 22:54:42.247262+00', '2025-06-05 22:54:42+00', 1, 'b22a08430ff04f6abec6ba02d0f9de85');
INSERT INTO public.token_blacklist_outstandingtoken (id, token, created_at, expires_at, user_id, jti) VALUES (154, 'eyJhbGciOiJIUzI1NiIsInR5cCI6IkpXVCJ9.eyJ0b2tlbl90eXBlIjoicmVmcmVzaCIsImV4cCI6MTc0OTE4ODgzMCwiaWF0IjoxNzQ5MTAyNDMwLCJqdGkiOiI5OGYxMzljMzkyNTY0YzVlYjlhNzFmNDUxZDhlYmMyOSIsInVzZXJfaWQiOjR9.sCtm9MhR11LCjdah5VT1VLuLsG7mSZtT2x_GcNgbnOk', '2025-06-05 05:47:10.13447+00', '2025-06-06 05:47:10+00', 4, '98f139c392564c5eb9a71f451d8ebc29');
INSERT INTO public.token_blacklist_outstandingtoken (id, token, created_at, expires_at, user_id, jti) VALUES (155, 'eyJhbGciOiJIUzI1NiIsInR5cCI6IkpXVCJ9.eyJ0b2tlbl90eXBlIjoicmVmcmVzaCIsImV4cCI6MTc0OTE5MDcwNCwiaWF0IjoxNzQ5MTA0MzA0LCJqdGkiOiJhM2U2ZWUyNmExOGY0ZjNhOTM0NzYyMTJlN2NlZGVjZSIsInVzZXJfaWQiOjR9.4AvWmnxiW_MGbkcpwU_jQgPZJ6oL0UbWkZ0t0VUu1CE', '2025-06-05 06:18:24.121626+00', '2025-06-06 06:18:24+00', 4, 'a3e6ee26a18f4f3a93476212e7cedece');
INSERT INTO public.token_blacklist_outstandingtoken (id, token, created_at, expires_at, user_id, jti) VALUES (156, 'eyJhbGciOiJIUzI1NiIsInR5cCI6IkpXVCJ9.eyJ0b2tlbl90eXBlIjoicmVmcmVzaCIsImV4cCI6MTc0OTE5MjU2MywiaWF0IjoxNzQ5MTA2MTYzLCJqdGkiOiIyOTMzYjRiOGI3ZDY0NDAwYjU5MzdmMDNlNTQwZTFiZCIsInVzZXJfaWQiOjR9.sXyyXNcIDhlTE77EoENuKElk4xvIqcwEdew0qDsHWR0', '2025-06-05 06:49:23.126443+00', '2025-06-06 06:49:23+00', 4, '2933b4b8b7d64400b5937f03e540e1bd');
INSERT INTO public.token_blacklist_outstandingtoken (id, token, created_at, expires_at, user_id, jti) VALUES (157, 'eyJhbGciOiJIUzI1NiIsInR5cCI6IkpXVCJ9.eyJ0b2tlbl90eXBlIjoicmVmcmVzaCIsImV4cCI6MTc0OTE5NDczOCwiaWF0IjoxNzQ5MTA4MzM4LCJqdGkiOiIwYjM4NWJjNGUwOWQ0Y2Y5OTQxY2UyYWQxMDIzODI4MiIsInVzZXJfaWQiOjJ9.HAPi9HaSZbR3lZwWI0dEGn5efAYv_hjnzNY6DoIBxB0', '2025-06-05 07:25:38.293403+00', '2025-06-06 07:25:38+00', 2, '0b385bc4e09d4cf9941ce2ad10238282');
INSERT INTO public.token_blacklist_outstandingtoken (id, token, created_at, expires_at, user_id, jti) VALUES (158, 'eyJhbGciOiJIUzI1NiIsInR5cCI6IkpXVCJ9.eyJ0b2tlbl90eXBlIjoicmVmcmVzaCIsImV4cCI6MTc0OTE5NTMwMywiaWF0IjoxNzQ5MTA4OTAzLCJqdGkiOiI4NjlhODBjOWY4MTk0ZTMwYTQ5YTRkM2FiNTVkMTIwNiIsInVzZXJfaWQiOjJ9.bI5JRcaPURAWAWb1F9_G27RN7gvgropu3v3tuj78cu8', '2025-06-05 07:35:03.744037+00', '2025-06-06 07:35:03+00', 2, '869a80c9f8194e30a49a4d3ab55d1206');
INSERT INTO public.token_blacklist_outstandingtoken (id, token, created_at, expires_at, user_id, jti) VALUES (159, 'eyJhbGciOiJIUzI1NiIsInR5cCI6IkpXVCJ9.eyJ0b2tlbl90eXBlIjoicmVmcmVzaCIsImV4cCI6MTc0OTE5NjIwOSwiaWF0IjoxNzQ5MTA5ODA5LCJqdGkiOiI4YTY3ZGVjNzcwMzk0NjdjOTExZTMxYTU0ZTlhOTE1YSIsInVzZXJfaWQiOjR9.v_rOBtmPRpBOtwq42FpVKWyKvVqN0rYwMsCb3gr9pzQ', '2025-06-05 07:50:09.337742+00', '2025-06-06 07:50:09+00', 4, '8a67dec77039467c911e31a54e9a915a');
INSERT INTO public.token_blacklist_outstandingtoken (id, token, created_at, expires_at, user_id, jti) VALUES (160, 'eyJhbGciOiJIUzI1NiIsInR5cCI6IkpXVCJ9.eyJ0b2tlbl90eXBlIjoicmVmcmVzaCIsImV4cCI6MTc0OTE5NzIyMSwiaWF0IjoxNzQ5MTEwODIxLCJqdGkiOiJhMTE3ZDcwNGYyYWY0ZGMwYTFkMzFlNDc0OTIyMzUzNCIsInVzZXJfaWQiOjJ9.G5Hhm8UovbuV-HtBXGIAZBgKTXcR9pLV4uta43c6fcY', '2025-06-05 08:07:01.552216+00', '2025-06-06 08:07:01+00', 2, 'a117d704f2af4dc0a1d31e4749223534');
INSERT INTO public.token_blacklist_outstandingtoken (id, token, created_at, expires_at, user_id, jti) VALUES (161, 'eyJhbGciOiJIUzI1NiIsInR5cCI6IkpXVCJ9.eyJ0b2tlbl90eXBlIjoicmVmcmVzaCIsImV4cCI6MTc0OTE5ODE2MiwiaWF0IjoxNzQ5MTExNzYyLCJqdGkiOiJmZWFhMGUyZDE1ZDk0YWExYTc4OTVlMWM4ZGUxMzA2MSIsInVzZXJfaWQiOjR9.cAAd5v4Ixv3mS8JSAdAuGxB0iql2Cqtmnq6nuQzMGWM', '2025-06-05 08:22:42.053437+00', '2025-06-06 08:22:42+00', 4, 'feaa0e2d15d94aa1a7895e1c8de13061');
INSERT INTO public.token_blacklist_outstandingtoken (id, token, created_at, expires_at, user_id, jti) VALUES (162, 'eyJhbGciOiJIUzI1NiIsInR5cCI6IkpXVCJ9.eyJ0b2tlbl90eXBlIjoicmVmcmVzaCIsImV4cCI6MTc0OTIwMDgwNiwiaWF0IjoxNzQ5MTE0NDA2LCJqdGkiOiIwMGU1NzQ5MzMxOTg0MWRmYWFmN2UwMjM3YzQ0M2RkMyIsInVzZXJfaWQiOjR9.ebmY1xXBU92_uGs24qY6vGx-VsvCfViZG4NlHT9U3-U', '2025-06-05 09:06:46.806081+00', '2025-06-06 09:06:46+00', 4, '00e57493319841dfaaf7e0237c443dd3');
INSERT INTO public.token_blacklist_outstandingtoken (id, token, created_at, expires_at, user_id, jti) VALUES (163, 'eyJhbGciOiJIUzI1NiIsInR5cCI6IkpXVCJ9.eyJ0b2tlbl90eXBlIjoicmVmcmVzaCIsImV4cCI6MTc0OTIwMTYxNywiaWF0IjoxNzQ5MTE1MjE3LCJqdGkiOiI3OWVjMWZmODViZTM0YTU4YjkwOGRjZDJkNjhlODVjMiIsInVzZXJfaWQiOjR9.pdmMvXQvrWIcgqL43CG73AtfJensxNPdlo8IjR8SbLg', '2025-06-05 09:20:17.109264+00', '2025-06-06 09:20:17+00', 4, '79ec1ff85be34a58b908dcd2d68e85c2');
INSERT INTO public.token_blacklist_outstandingtoken (id, token, created_at, expires_at, user_id, jti) VALUES (164, 'eyJhbGciOiJIUzI1NiIsInR5cCI6IkpXVCJ9.eyJ0b2tlbl90eXBlIjoicmVmcmVzaCIsImV4cCI6MTc0OTIwMjc3NCwiaWF0IjoxNzQ5MTE2Mzc0LCJqdGkiOiJiZjhlYjNiOWYyYWI0MmFmYjNlNDAwOGZjYzRmNjk2YSIsInVzZXJfaWQiOjR9.mcRNPJCXD39NPudWBtz3L5JfUrSReZT1IFMDPkw61CY', '2025-06-05 09:39:34.604376+00', '2025-06-06 09:39:34+00', 4, 'bf8eb3b9f2ab42afb3e4008fcc4f696a');
INSERT INTO public.token_blacklist_outstandingtoken (id, token, created_at, expires_at, user_id, jti) VALUES (165, 'eyJhbGciOiJIUzI1NiIsInR5cCI6IkpXVCJ9.eyJ0b2tlbl90eXBlIjoicmVmcmVzaCIsImV4cCI6MTc0OTIwMzM5NywiaWF0IjoxNzQ5MTE2OTk3LCJqdGkiOiI5ODJmMDc3ZDkyOTM0OTRmYWRmNjhlOTZiZWEwMTcwYyIsInVzZXJfaWQiOjJ9.jBR8FVoRFonZjxP_mi6H-iJdwpz15PZ7Fz2Irl4JoVE', '2025-06-05 09:49:57.211274+00', '2025-06-06 09:49:57+00', 2, '982f077d9293494fadf68e96bea0170c');
INSERT INTO public.token_blacklist_outstandingtoken (id, token, created_at, expires_at, user_id, jti) VALUES (166, 'eyJhbGciOiJIUzI1NiIsInR5cCI6IkpXVCJ9.eyJ0b2tlbl90eXBlIjoicmVmcmVzaCIsImV4cCI6MTc0OTIwNDE5MywiaWF0IjoxNzQ5MTE3NzkzLCJqdGkiOiI3NTZkNWM5NmFkNzc0NjkxYWZhZDVmYmQyMzg0ZjJjZSIsInVzZXJfaWQiOjJ9.W2kG0fpszqf8vSsfwj2IgQFOqRj9PUwhIE-Tx31guR4', '2025-06-05 10:03:13.412406+00', '2025-06-06 10:03:13+00', 2, '756d5c96ad774691afad5fbd2384f2ce');
INSERT INTO public.token_blacklist_outstandingtoken (id, token, created_at, expires_at, user_id, jti) VALUES (167, 'eyJhbGciOiJIUzI1NiIsInR5cCI6IkpXVCJ9.eyJ0b2tlbl90eXBlIjoicmVmcmVzaCIsImV4cCI6MTc0OTIwNTA1NCwiaWF0IjoxNzQ5MTE4NjU0LCJqdGkiOiJhN2M0Y2E5ZTEyMTU0MzY3YTAxNWQ3MTM2Y2FlZTA4YiIsInVzZXJfaWQiOjR9.F9ABMTEIxzr7L8N84E2pmg_cnFgq9F-GXS9ak-lNc9s', '2025-06-05 10:17:34.805271+00', '2025-06-06 10:17:34+00', 4, 'a7c4ca9e12154367a015d7136caee08b');
INSERT INTO public.token_blacklist_outstandingtoken (id, token, created_at, expires_at, user_id, jti) VALUES (168, 'eyJhbGciOiJIUzI1NiIsInR5cCI6IkpXVCJ9.eyJ0b2tlbl90eXBlIjoicmVmcmVzaCIsImV4cCI6MTc0OTIwNzE3NCwiaWF0IjoxNzQ5MTIwNzc0LCJqdGkiOiI4Y2JiY2I5MGIxYWM0NzY2YTc2MzQ1MDA5NDc3ZWQ3YiIsInVzZXJfaWQiOjR9.6S_2jPSE04UTGk_DF4NtI8-HLx_HbwQ-bi3D6N3weEA', '2025-06-05 10:52:54.763691+00', '2025-06-06 10:52:54+00', 4, '8cbbcb90b1ac4766a76345009477ed7b');
INSERT INTO public.token_blacklist_outstandingtoken (id, token, created_at, expires_at, user_id, jti) VALUES (169, 'eyJhbGciOiJIUzI1NiIsInR5cCI6IkpXVCJ9.eyJ0b2tlbl90eXBlIjoicmVmcmVzaCIsImV4cCI6MTc0OTIwNzg4MiwiaWF0IjoxNzQ5MTIxNDgyLCJqdGkiOiJlY2ZjOTJhMjI0OWQ0ZWFjOWFkZTMxZTgzMzRmYjNiNSIsInVzZXJfaWQiOjR9.aQQRclYo4D73LTKLTcznVKFq7oINXBKYtHO2W8Jm8Dw', '2025-06-05 11:04:42.054028+00', '2025-06-06 11:04:42+00', 4, 'ecfc92a2249d4eac9ade31e8334fb3b5');
INSERT INTO public.token_blacklist_outstandingtoken (id, token, created_at, expires_at, user_id, jti) VALUES (170, 'eyJhbGciOiJIUzI1NiIsInR5cCI6IkpXVCJ9.eyJ0b2tlbl90eXBlIjoicmVmcmVzaCIsImV4cCI6MTc0OTIwNzk2NiwiaWF0IjoxNzQ5MTIxNTY2LCJqdGkiOiJlN2QwY2ZjZDhiMDE0YzMzOGVlMjQyMDA0ZDEzMDVmZSIsInVzZXJfaWQiOjJ9.V17krzEtqtYTzP5oXXz5y8AaBf2gi0KM6JfHl7ujyCQ', '2025-06-05 11:06:06.146457+00', '2025-06-06 11:06:06+00', 2, 'e7d0cfcd8b014c338ee242004d1305fe');
INSERT INTO public.token_blacklist_outstandingtoken (id, token, created_at, expires_at, user_id, jti) VALUES (171, 'eyJhbGciOiJIUzI1NiIsInR5cCI6IkpXVCJ9.eyJ0b2tlbl90eXBlIjoicmVmcmVzaCIsImV4cCI6MTc0OTIwOTA2MiwiaWF0IjoxNzQ5MTIyNjYyLCJqdGkiOiI4MTM0NTczMWY1N2Y0ZWZlYmJiYTdhY2Y1ZDA1MWEzYiIsInVzZXJfaWQiOjR9.8kIDoB7pmQpSjeyPhMB3WlB3QOTJD9a-53Zb5I8CBbA', '2025-06-05 11:24:22.852539+00', '2025-06-06 11:24:22+00', 4, '81345731f57f4efebbba7acf5d051a3b');
INSERT INTO public.token_blacklist_outstandingtoken (id, token, created_at, expires_at, user_id, jti) VALUES (172, 'eyJhbGciOiJIUzI1NiIsInR5cCI6IkpXVCJ9.eyJ0b2tlbl90eXBlIjoicmVmcmVzaCIsImV4cCI6MTc0OTIxMTA2OSwiaWF0IjoxNzQ5MTI0NjY5LCJqdGkiOiIxMTc1OTgzZGRkMTA0ZjQ3YjFkNDM0M2UyMzkyNWRkYSIsInVzZXJfaWQiOjR9.-_VZElhu6jXZLDpVVk1KNOdkWBIeSwEIpkyOrkLISFo', '2025-06-05 11:57:49.554281+00', '2025-06-06 11:57:49+00', 4, '1175983ddd104f47b1d4343e23925dda');
INSERT INTO public.token_blacklist_outstandingtoken (id, token, created_at, expires_at, user_id, jti) VALUES (173, 'eyJhbGciOiJIUzI1NiIsInR5cCI6IkpXVCJ9.eyJ0b2tlbl90eXBlIjoicmVmcmVzaCIsImV4cCI6MTc0OTIxMzA0MSwiaWF0IjoxNzQ5MTI2NjQxLCJqdGkiOiI2N2EyOThkMWY2ODM0NzQxODU2N2I4NGUwMmYzMmIyZiIsInVzZXJfaWQiOjZ9.4BxyrnfDwIQa1CMbFvx6D28HCInTBS7aPE0LG8Yw33o', '2025-06-05 12:30:41.150617+00', '2025-06-06 12:30:41+00', 6, '67a298d1f68347418567b84e02f32b2f');
INSERT INTO public.token_blacklist_outstandingtoken (id, token, created_at, expires_at, user_id, jti) VALUES (174, 'eyJhbGciOiJIUzI1NiIsInR5cCI6IkpXVCJ9.eyJ0b2tlbl90eXBlIjoicmVmcmVzaCIsImV4cCI6MTc0OTIxNTIxNSwiaWF0IjoxNzQ5MTI4ODE1LCJqdGkiOiJiYmM3ZjZlYTZiNzc0YmU5YjEzY2JkNDUyYjIzZDcxMCIsInVzZXJfaWQiOjd9.YB7IBJLNzvKq6UBe7_UgxrskwYYhlphbHJmrrz7vVWk', '2025-06-05 13:06:55.401466+00', '2025-06-06 13:06:55+00', 7, 'bbc7f6ea6b774be9b13cbd452b23d710');
INSERT INTO public.token_blacklist_outstandingtoken (id, token, created_at, expires_at, user_id, jti) VALUES (175, 'eyJhbGciOiJIUzI1NiIsInR5cCI6IkpXVCJ9.eyJ0b2tlbl90eXBlIjoicmVmcmVzaCIsImV4cCI6MTc0OTIxNTQyMywiaWF0IjoxNzQ5MTI5MDIzLCJqdGkiOiIwNzliZDNhYWNlMTE0Y2ZlYTc1MTI1NTdjOGIxNjJlZCIsInVzZXJfaWQiOjR9.pN-NPYqUt9B5JQlkyircmt86FcpQsIWueuSMM8YADK4', '2025-06-05 13:10:23.896605+00', '2025-06-06 13:10:23+00', 4, '079bd3aace114cfea7512557c8b162ed');
INSERT INTO public.token_blacklist_outstandingtoken (id, token, created_at, expires_at, user_id, jti) VALUES (176, 'eyJhbGciOiJIUzI1NiIsInR5cCI6IkpXVCJ9.eyJ0b2tlbl90eXBlIjoicmVmcmVzaCIsImV4cCI6MTc0OTIxOTYzNiwiaWF0IjoxNzQ5MTMzMjM2LCJqdGkiOiJiNzMzYTE3NDI3NjU0NDQ4YWRmZmYwZjkzMTJjZTE2NCIsInVzZXJfaWQiOjl9.bjqJqC56W4DU4vC1FkUcbIenuTKEqXgCdw0NlzlQSbM', '2025-06-05 14:20:36.894673+00', '2025-06-06 14:20:36+00', 9, 'b733a17427654448adfff0f9312ce164');
INSERT INTO public.token_blacklist_outstandingtoken (id, token, created_at, expires_at, user_id, jti) VALUES (177, 'eyJhbGciOiJIUzI1NiIsInR5cCI6IkpXVCJ9.eyJ0b2tlbl90eXBlIjoicmVmcmVzaCIsImV4cCI6MTc0OTIyMDk4NywiaWF0IjoxNzQ5MTM0NTg3LCJqdGkiOiJjMGRmMDEwMjgzMDU0NjFlOTczZGU2ZTljMTIxYjg2OSIsInVzZXJfaWQiOjJ9.BONHCaFjOayCSLR5nK07Jt-9oGe4gm6LWcuq5lV4ifc', '2025-06-05 14:43:07.89964+00', '2025-06-06 14:43:07+00', 2, 'c0df01028305461e973de6e9c121b869');
INSERT INTO public.token_blacklist_outstandingtoken (id, token, created_at, expires_at, user_id, jti) VALUES (178, 'eyJhbGciOiJIUzI1NiIsInR5cCI6IkpXVCJ9.eyJ0b2tlbl90eXBlIjoicmVmcmVzaCIsImV4cCI6MTc0OTIyMTc5MiwiaWF0IjoxNzQ5MTM1MzkyLCJqdGkiOiJlYTkyMGIzYTVhMmU0NmZkYjY0MTMzMGQ1MTBhMWY2OCIsInVzZXJfaWQiOjEwfQ.wvqjshNjIQRarCO6GvQSO7dEPxHAfVLvjZmVqXzHGkY', '2025-06-05 14:56:32.988148+00', '2025-06-06 14:56:32+00', 10, 'ea920b3a5a2e46fdb641330d510a1f68');
INSERT INTO public.token_blacklist_outstandingtoken (id, token, created_at, expires_at, user_id, jti) VALUES (179, 'eyJhbGciOiJIUzI1NiIsInR5cCI6IkpXVCJ9.eyJ0b2tlbl90eXBlIjoicmVmcmVzaCIsImV4cCI6MTc0OTIyMjc4NSwiaWF0IjoxNzQ5MTM2Mzg1LCJqdGkiOiI0MWUxZDlkZjRkYjI0ODBhOTBhNzcwNTk2NDYwYjExNiIsInVzZXJfaWQiOjExfQ.lyw6j6GS4rmX_DFlW6sMzxT7VugM2bCcssVdPsqh7v0', '2025-06-05 15:13:05.399965+00', '2025-06-06 15:13:05+00', 11, '41e1d9df4db2480a90a770596460b116');
INSERT INTO public.token_blacklist_outstandingtoken (id, token, created_at, expires_at, user_id, jti) VALUES (180, 'eyJhbGciOiJIUzI1NiIsInR5cCI6IkpXVCJ9.eyJ0b2tlbl90eXBlIjoicmVmcmVzaCIsImV4cCI6MTc0OTIyMzUyOSwiaWF0IjoxNzQ5MTM3MTI5LCJqdGkiOiJhOTVjNjZjNzNlOTg0ZjA3YmNjNjM2NDY3MWI5NzUyZCIsInVzZXJfaWQiOjEyfQ.MReLLrhNfUIAdM5ZRkCG7FIWQVnwHfyXmp_92HTwtN8', '2025-06-05 15:25:29.989744+00', '2025-06-06 15:25:29+00', 12, 'a95c66c73e984f07bcc6364671b9752d');


--
-- Name: accounts_user_groups_id_seq; Type: SEQUENCE SET; Schema: public; Owner: -
--

SELECT pg_catalog.setval('public.accounts_user_groups_id_seq', 1, false);


--
-- Name: accounts_user_id_seq; Type: SEQUENCE SET; Schema: public; Owner: -
--

SELECT pg_catalog.setval('public.accounts_user_id_seq', 12, true);


--
-- Name: accounts_user_user_permissions_id_seq; Type: SEQUENCE SET; Schema: public; Owner: -
--

SELECT pg_catalog.setval('public.accounts_user_user_permissions_id_seq', 1, false);


--
-- Name: auth_group_id_seq; Type: SEQUENCE SET; Schema: public; Owner: -
--

SELECT pg_catalog.setval('public.auth_group_id_seq', 1, false);


--
-- Name: auth_group_permissions_id_seq; Type: SEQUENCE SET; Schema: public; Owner: -
--

SELECT pg_catalog.setval('public.auth_group_permissions_id_seq', 1, false);


--
-- Name: auth_permission_id_seq; Type: SEQUENCE SET; Schema: public; Owner: -
--

SELECT pg_catalog.setval('public.auth_permission_id_seq', 48, true);


--
-- Name: django_admin_log_id_seq; Type: SEQUENCE SET; Schema: public; Owner: -
--

SELECT pg_catalog.setval('public.django_admin_log_id_seq', 1, false);


--
-- Name: django_content_type_id_seq; Type: SEQUENCE SET; Schema: public; Owner: -
--

SELECT pg_catalog.setval('public.django_content_type_id_seq', 12, true);


--
-- Name: django_migrations_id_seq; Type: SEQUENCE SET; Schema: public; Owner: -
--

SELECT pg_catalog.setval('public.django_migrations_id_seq', 47, true);


--
-- Name: expenses_expense_id_seq; Type: SEQUENCE SET; Schema: public; Owner: -
--

SELECT pg_catalog.setval('public.expenses_expense_id_seq', 87, true);


--
-- Name: expenses_trip_id_seq; Type: SEQUENCE SET; Schema: public; Owner: -
--

SELECT pg_catalog.setval('public.expenses_trip_id_seq', 18, true);


--
-- Name: expenses_wallet_id_seq; Type: SEQUENCE SET; Schema: public; Owner: -
--

SELECT pg_catalog.setval('public.expenses_wallet_id_seq', 233, true);


--
-- Name: scanner_scanresult_id_seq; Type: SEQUENCE SET; Schema: public; Owner: -
--

SELECT pg_catalog.setval('public.scanner_scanresult_id_seq', 1, false);


--
-- Name: token_blacklist_blacklistedtoken_id_seq; Type: SEQUENCE SET; Schema: public; Owner: -
--

SELECT pg_catalog.setval('public.token_blacklist_blacklistedtoken_id_seq', 1, true);


--
-- Name: token_blacklist_outstandingtoken_id_seq; Type: SEQUENCE SET; Schema: public; Owner: -
--

SELECT pg_catalog.setval('public.token_blacklist_outstandingtoken_id_seq', 180, true);


--
-- Name: accounts_user accounts_user_email_key; Type: CONSTRAINT; Schema: public; Owner: -
--

ALTER TABLE ONLY public.accounts_user
    ADD CONSTRAINT accounts_user_email_key UNIQUE (email);


--
-- Name: accounts_user_groups accounts_user_groups_pkey; Type: CONSTRAINT; Schema: public; Owner: -
--

ALTER TABLE ONLY public.accounts_user_groups
    ADD CONSTRAINT accounts_user_groups_pkey PRIMARY KEY (id);


--
-- Name: accounts_user_groups accounts_user_groups_user_id_group_id_59c0b32f_uniq; Type: CONSTRAINT; Schema: public; Owner: -
--

ALTER TABLE ONLY public.accounts_user_groups
    ADD CONSTRAINT accounts_user_groups_user_id_group_id_59c0b32f_uniq UNIQUE (user_id, group_id);


--
-- Name: accounts_user accounts_user_pkey; Type: CONSTRAINT; Schema: public; Owner: -
--

ALTER TABLE ONLY public.accounts_user
    ADD CONSTRAINT accounts_user_pkey PRIMARY KEY (id);


--
-- Name: accounts_user_user_permissions accounts_user_user_permi_user_id_permission_id_2ab516c2_uniq; Type: CONSTRAINT; Schema: public; Owner: -
--

ALTER TABLE ONLY public.accounts_user_user_permissions
    ADD CONSTRAINT accounts_user_user_permi_user_id_permission_id_2ab516c2_uniq UNIQUE (user_id, permission_id);


--
-- Name: accounts_user_user_permissions accounts_user_user_permissions_pkey; Type: CONSTRAINT; Schema: public; Owner: -
--

ALTER TABLE ONLY public.accounts_user_user_permissions
    ADD CONSTRAINT accounts_user_user_permissions_pkey PRIMARY KEY (id);


--
-- Name: accounts_user accounts_user_username_key; Type: CONSTRAINT; Schema: public; Owner: -
--

ALTER TABLE ONLY public.accounts_user
    ADD CONSTRAINT accounts_user_username_key UNIQUE (username);


--
-- Name: auth_group auth_group_name_key; Type: CONSTRAINT; Schema: public; Owner: -
--

ALTER TABLE ONLY public.auth_group
    ADD CONSTRAINT auth_group_name_key UNIQUE (name);


--
-- Name: auth_group_permissions auth_group_permissions_group_id_permission_id_0cd325b0_uniq; Type: CONSTRAINT; Schema: public; Owner: -
--

ALTER TABLE ONLY public.auth_group_permissions
    ADD CONSTRAINT auth_group_permissions_group_id_permission_id_0cd325b0_uniq UNIQUE (group_id, permission_id);


--
-- Name: auth_group_permissions auth_group_permissions_pkey; Type: CONSTRAINT; Schema: public; Owner: -
--

ALTER TABLE ONLY public.auth_group_permissions
    ADD CONSTRAINT auth_group_permissions_pkey PRIMARY KEY (id);


--
-- Name: auth_group auth_group_pkey; Type: CONSTRAINT; Schema: public; Owner: -
--

ALTER TABLE ONLY public.auth_group
    ADD CONSTRAINT auth_group_pkey PRIMARY KEY (id);


--
-- Name: auth_permission auth_permission_content_type_id_codename_01ab375a_uniq; Type: CONSTRAINT; Schema: public; Owner: -
--

ALTER TABLE ONLY public.auth_permission
    ADD CONSTRAINT auth_permission_content_type_id_codename_01ab375a_uniq UNIQUE (content_type_id, codename);


--
-- Name: auth_permission auth_permission_pkey; Type: CONSTRAINT; Schema: public; Owner: -
--

ALTER TABLE ONLY public.auth_permission
    ADD CONSTRAINT auth_permission_pkey PRIMARY KEY (id);


--
-- Name: django_admin_log django_admin_log_pkey; Type: CONSTRAINT; Schema: public; Owner: -
--

ALTER TABLE ONLY public.django_admin_log
    ADD CONSTRAINT django_admin_log_pkey PRIMARY KEY (id);


--
-- Name: django_content_type django_content_type_app_label_model_76bd3d3b_uniq; Type: CONSTRAINT; Schema: public; Owner: -
--

ALTER TABLE ONLY public.django_content_type
    ADD CONSTRAINT django_content_type_app_label_model_76bd3d3b_uniq UNIQUE (app_label, model);


--
-- Name: django_content_type django_content_type_pkey; Type: CONSTRAINT; Schema: public; Owner: -
--

ALTER TABLE ONLY public.django_content_type
    ADD CONSTRAINT django_content_type_pkey PRIMARY KEY (id);


--
-- Name: django_migrations django_migrations_pkey; Type: CONSTRAINT; Schema: public; Owner: -
--

ALTER TABLE ONLY public.django_migrations
    ADD CONSTRAINT django_migrations_pkey PRIMARY KEY (id);


--
-- Name: django_session django_session_pkey; Type: CONSTRAINT; Schema: public; Owner: -
--

ALTER TABLE ONLY public.django_session
    ADD CONSTRAINT django_session_pkey PRIMARY KEY (session_key);


--
-- Name: expenses_expense expenses_expense_pkey; Type: CONSTRAINT; Schema: public; Owner: -
--

ALTER TABLE ONLY public.expenses_expense
    ADD CONSTRAINT expenses_expense_pkey PRIMARY KEY (id);


--
-- Name: expenses_trip expenses_trip_pkey; Type: CONSTRAINT; Schema: public; Owner: -
--

ALTER TABLE ONLY public.expenses_trip
    ADD CONSTRAINT expenses_trip_pkey PRIMARY KEY (id);


--
-- Name: expenses_wallet expenses_wallet_pkey; Type: CONSTRAINT; Schema: public; Owner: -
--

ALTER TABLE ONLY public.expenses_wallet
    ADD CONSTRAINT expenses_wallet_pkey PRIMARY KEY (id);


--
-- Name: expenses_wallet expenses_wallet_user_id_trip_id_currency_code_0edd56ba_uniq; Type: CONSTRAINT; Schema: public; Owner: -
--

ALTER TABLE ONLY public.expenses_wallet
    ADD CONSTRAINT expenses_wallet_user_id_trip_id_currency_code_0edd56ba_uniq UNIQUE (user_id, trip_id, currency_code);


--
-- Name: scanner_scanresult scanner_scanresult_pkey; Type: CONSTRAINT; Schema: public; Owner: -
--

ALTER TABLE ONLY public.scanner_scanresult
    ADD CONSTRAINT scanner_scanresult_pkey PRIMARY KEY (id);


--
-- Name: token_blacklist_blacklistedtoken token_blacklist_blacklistedtoken_pkey; Type: CONSTRAINT; Schema: public; Owner: -
--

ALTER TABLE ONLY public.token_blacklist_blacklistedtoken
    ADD CONSTRAINT token_blacklist_blacklistedtoken_pkey PRIMARY KEY (id);


--
-- Name: token_blacklist_blacklistedtoken token_blacklist_blacklistedtoken_token_id_key; Type: CONSTRAINT; Schema: public; Owner: -
--

ALTER TABLE ONLY public.token_blacklist_blacklistedtoken
    ADD CONSTRAINT token_blacklist_blacklistedtoken_token_id_key UNIQUE (token_id);


--
-- Name: token_blacklist_outstandingtoken token_blacklist_outstandingtoken_jti_hex_d9bdf6f7_uniq; Type: CONSTRAINT; Schema: public; Owner: -
--

ALTER TABLE ONLY public.token_blacklist_outstandingtoken
    ADD CONSTRAINT token_blacklist_outstandingtoken_jti_hex_d9bdf6f7_uniq UNIQUE (jti);


--
-- Name: token_blacklist_outstandingtoken token_blacklist_outstandingtoken_pkey; Type: CONSTRAINT; Schema: public; Owner: -
--

ALTER TABLE ONLY public.token_blacklist_outstandingtoken
    ADD CONSTRAINT token_blacklist_outstandingtoken_pkey PRIMARY KEY (id);


--
-- Name: accounts_user_email_b2644a56_like; Type: INDEX; Schema: public; Owner: -
--

CREATE INDEX accounts_user_email_b2644a56_like ON public.accounts_user USING btree (email varchar_pattern_ops);


--
-- Name: accounts_user_groups_group_id_bd11a704; Type: INDEX; Schema: public; Owner: -
--

CREATE INDEX accounts_user_groups_group_id_bd11a704 ON public.accounts_user_groups USING btree (group_id);


--
-- Name: accounts_user_groups_user_id_52b62117; Type: INDEX; Schema: public; Owner: -
--

CREATE INDEX accounts_user_groups_user_id_52b62117 ON public.accounts_user_groups USING btree (user_id);


--
-- Name: accounts_user_user_permissions_permission_id_113bb443; Type: INDEX; Schema: public; Owner: -
--

CREATE INDEX accounts_user_user_permissions_permission_id_113bb443 ON public.accounts_user_user_permissions USING btree (permission_id);


--
-- Name: accounts_user_user_permissions_user_id_e4f0a161; Type: INDEX; Schema: public; Owner: -
--

CREATE INDEX accounts_user_user_permissions_user_id_e4f0a161 ON public.accounts_user_user_permissions USING btree (user_id);


--
-- Name: accounts_user_username_6088629e_like; Type: INDEX; Schema: public; Owner: -
--

CREATE INDEX accounts_user_username_6088629e_like ON public.accounts_user USING btree (username varchar_pattern_ops);


--
-- Name: auth_group_name_a6ea08ec_like; Type: INDEX; Schema: public; Owner: -
--

CREATE INDEX auth_group_name_a6ea08ec_like ON public.auth_group USING btree (name varchar_pattern_ops);


--
-- Name: auth_group_permissions_group_id_b120cbf9; Type: INDEX; Schema: public; Owner: -
--

CREATE INDEX auth_group_permissions_group_id_b120cbf9 ON public.auth_group_permissions USING btree (group_id);


--
-- Name: auth_group_permissions_permission_id_84c5c92e; Type: INDEX; Schema: public; Owner: -
--

CREATE INDEX auth_group_permissions_permission_id_84c5c92e ON public.auth_group_permissions USING btree (permission_id);


--
-- Name: auth_permission_content_type_id_2f476e4b; Type: INDEX; Schema: public; Owner: -
--

CREATE INDEX auth_permission_content_type_id_2f476e4b ON public.auth_permission USING btree (content_type_id);


--
-- Name: django_admin_log_content_type_id_c4bce8eb; Type: INDEX; Schema: public; Owner: -
--

CREATE INDEX django_admin_log_content_type_id_c4bce8eb ON public.django_admin_log USING btree (content_type_id);


--
-- Name: django_admin_log_user_id_c564eba6; Type: INDEX; Schema: public; Owner: -
--

CREATE INDEX django_admin_log_user_id_c564eba6 ON public.django_admin_log USING btree (user_id);


--
-- Name: django_session_expire_date_a5c62663; Type: INDEX; Schema: public; Owner: -
--

CREATE INDEX django_session_expire_date_a5c62663 ON public.django_session USING btree (expire_date);


--
-- Name: django_session_session_key_c0390e0f_like; Type: INDEX; Schema: public; Owner: -
--

CREATE INDEX django_session_session_key_c0390e0f_like ON public.django_session USING btree (session_key varchar_pattern_ops);


--
-- Name: expenses_expense_trip_id_8c1c06d0; Type: INDEX; Schema: public; Owner: -
--

CREATE INDEX expenses_expense_trip_id_8c1c06d0 ON public.expenses_expense USING btree (trip_id);


--
-- Name: expenses_expense_user_id_ab1aae2b; Type: INDEX; Schema: public; Owner: -
--

CREATE INDEX expenses_expense_user_id_ab1aae2b ON public.expenses_expense USING btree (user_id);


--
-- Name: expenses_trip_user_id_f7b1bba8; Type: INDEX; Schema: public; Owner: -
--

CREATE INDEX expenses_trip_user_id_f7b1bba8 ON public.expenses_trip USING btree (user_id);


--
-- Name: expenses_wallet_trip_id_d2d5d3e4; Type: INDEX; Schema: public; Owner: -
--

CREATE INDEX expenses_wallet_trip_id_d2d5d3e4 ON public.expenses_wallet USING btree (trip_id);


--
-- Name: expenses_wallet_user_id_bae8787b; Type: INDEX; Schema: public; Owner: -
--

CREATE INDEX expenses_wallet_user_id_bae8787b ON public.expenses_wallet USING btree (user_id);


--
-- Name: token_blacklist_outstandingtoken_jti_hex_d9bdf6f7_like; Type: INDEX; Schema: public; Owner: -
--

CREATE INDEX token_blacklist_outstandingtoken_jti_hex_d9bdf6f7_like ON public.token_blacklist_outstandingtoken USING btree (jti varchar_pattern_ops);


--
-- Name: token_blacklist_outstandingtoken_user_id_83bc629a; Type: INDEX; Schema: public; Owner: -
--

CREATE INDEX token_blacklist_outstandingtoken_user_id_83bc629a ON public.token_blacklist_outstandingtoken USING btree (user_id);


--
-- Name: accounts_user_groups accounts_user_groups_group_id_bd11a704_fk_auth_group_id; Type: FK CONSTRAINT; Schema: public; Owner: -
--

ALTER TABLE ONLY public.accounts_user_groups
    ADD CONSTRAINT accounts_user_groups_group_id_bd11a704_fk_auth_group_id FOREIGN KEY (group_id) REFERENCES public.auth_group(id) DEFERRABLE INITIALLY DEFERRED;


--
-- Name: accounts_user_groups accounts_user_groups_user_id_52b62117_fk; Type: FK CONSTRAINT; Schema: public; Owner: -
--

ALTER TABLE ONLY public.accounts_user_groups
    ADD CONSTRAINT accounts_user_groups_user_id_52b62117_fk FOREIGN KEY (user_id) REFERENCES public.accounts_user(id) DEFERRABLE INITIALLY DEFERRED;


--
-- Name: accounts_user_user_permissions accounts_user_user_p_permission_id_113bb443_fk_auth_perm; Type: FK CONSTRAINT; Schema: public; Owner: -
--

ALTER TABLE ONLY public.accounts_user_user_permissions
    ADD CONSTRAINT accounts_user_user_p_permission_id_113bb443_fk_auth_perm FOREIGN KEY (permission_id) REFERENCES public.auth_permission(id) DEFERRABLE INITIALLY DEFERRED;


--
-- Name: accounts_user_user_permissions accounts_user_user_permissions_user_id_e4f0a161_fk; Type: FK CONSTRAINT; Schema: public; Owner: -
--

ALTER TABLE ONLY public.accounts_user_user_permissions
    ADD CONSTRAINT accounts_user_user_permissions_user_id_e4f0a161_fk FOREIGN KEY (user_id) REFERENCES public.accounts_user(id) DEFERRABLE INITIALLY DEFERRED;


--
-- Name: auth_group_permissions auth_group_permissio_permission_id_84c5c92e_fk_auth_perm; Type: FK CONSTRAINT; Schema: public; Owner: -
--

ALTER TABLE ONLY public.auth_group_permissions
    ADD CONSTRAINT auth_group_permissio_permission_id_84c5c92e_fk_auth_perm FOREIGN KEY (permission_id) REFERENCES public.auth_permission(id) DEFERRABLE INITIALLY DEFERRED;


--
-- Name: auth_group_permissions auth_group_permissions_group_id_b120cbf9_fk_auth_group_id; Type: FK CONSTRAINT; Schema: public; Owner: -
--

ALTER TABLE ONLY public.auth_group_permissions
    ADD CONSTRAINT auth_group_permissions_group_id_b120cbf9_fk_auth_group_id FOREIGN KEY (group_id) REFERENCES public.auth_group(id) DEFERRABLE INITIALLY DEFERRED;


--
-- Name: auth_permission auth_permission_content_type_id_2f476e4b_fk_django_co; Type: FK CONSTRAINT; Schema: public; Owner: -
--

ALTER TABLE ONLY public.auth_permission
    ADD CONSTRAINT auth_permission_content_type_id_2f476e4b_fk_django_co FOREIGN KEY (content_type_id) REFERENCES public.django_content_type(id) DEFERRABLE INITIALLY DEFERRED;


--
-- Name: django_admin_log django_admin_log_content_type_id_c4bce8eb_fk_django_co; Type: FK CONSTRAINT; Schema: public; Owner: -
--

ALTER TABLE ONLY public.django_admin_log
    ADD CONSTRAINT django_admin_log_content_type_id_c4bce8eb_fk_django_co FOREIGN KEY (content_type_id) REFERENCES public.django_content_type(id) DEFERRABLE INITIALLY DEFERRED;


--
-- Name: django_admin_log django_admin_log_user_id_c564eba6_fk; Type: FK CONSTRAINT; Schema: public; Owner: -
--

ALTER TABLE ONLY public.django_admin_log
    ADD CONSTRAINT django_admin_log_user_id_c564eba6_fk FOREIGN KEY (user_id) REFERENCES public.accounts_user(id) DEFERRABLE INITIALLY DEFERRED;


--
-- Name: expenses_expense expenses_expense_trip_id_8c1c06d0_fk_expenses_trip_id; Type: FK CONSTRAINT; Schema: public; Owner: -
--

ALTER TABLE ONLY public.expenses_expense
    ADD CONSTRAINT expenses_expense_trip_id_8c1c06d0_fk_expenses_trip_id FOREIGN KEY (trip_id) REFERENCES public.expenses_trip(id) DEFERRABLE INITIALLY DEFERRED;


--
-- Name: expenses_expense expenses_expense_user_id_ab1aae2b_fk; Type: FK CONSTRAINT; Schema: public; Owner: -
--

ALTER TABLE ONLY public.expenses_expense
    ADD CONSTRAINT expenses_expense_user_id_ab1aae2b_fk FOREIGN KEY (user_id) REFERENCES public.accounts_user(id) DEFERRABLE INITIALLY DEFERRED;


--
-- Name: expenses_trip expenses_trip_user_id_f7b1bba8_fk; Type: FK CONSTRAINT; Schema: public; Owner: -
--

ALTER TABLE ONLY public.expenses_trip
    ADD CONSTRAINT expenses_trip_user_id_f7b1bba8_fk FOREIGN KEY (user_id) REFERENCES public.accounts_user(id) DEFERRABLE INITIALLY DEFERRED;


--
-- Name: expenses_wallet expenses_wallet_trip_id_d2d5d3e4_fk_expenses_trip_id; Type: FK CONSTRAINT; Schema: public; Owner: -
--

ALTER TABLE ONLY public.expenses_wallet
    ADD CONSTRAINT expenses_wallet_trip_id_d2d5d3e4_fk_expenses_trip_id FOREIGN KEY (trip_id) REFERENCES public.expenses_trip(id) DEFERRABLE INITIALLY DEFERRED;


--
-- Name: expenses_wallet expenses_wallet_user_id_bae8787b_fk; Type: FK CONSTRAINT; Schema: public; Owner: -
--

ALTER TABLE ONLY public.expenses_wallet
    ADD CONSTRAINT expenses_wallet_user_id_bae8787b_fk FOREIGN KEY (user_id) REFERENCES public.accounts_user(id) DEFERRABLE INITIALLY DEFERRED;


--
-- Name: token_blacklist_blacklistedtoken token_blacklist_blacklistedtoken_token_id_3cc7fe56_fk; Type: FK CONSTRAINT; Schema: public; Owner: -
--

ALTER TABLE ONLY public.token_blacklist_blacklistedtoken
    ADD CONSTRAINT token_blacklist_blacklistedtoken_token_id_3cc7fe56_fk FOREIGN KEY (token_id) REFERENCES public.token_blacklist_outstandingtoken(id) DEFERRABLE INITIALLY DEFERRED;


--
-- Name: token_blacklist_outstandingtoken token_blacklist_outstandingtoken_user_id_83bc629a_fk; Type: FK CONSTRAINT; Schema: public; Owner: -
--

ALTER TABLE ONLY public.token_blacklist_outstandingtoken
    ADD CONSTRAINT token_blacklist_outstandingtoken_user_id_83bc629a_fk FOREIGN KEY (user_id) REFERENCES public.accounts_user(id) DEFERRABLE INITIALLY DEFERRED;


--
-- Name: FUNCTION pg_stat_statements(showtext boolean, OUT userid oid, OUT dbid oid, OUT toplevel boolean, OUT queryid bigint, OUT query text, OUT plans bigint, OUT total_plan_time double precision, OUT min_plan_time double precision, OUT max_plan_time double precision, OUT mean_plan_time double precision, OUT stddev_plan_time double precision, OUT calls bigint, OUT total_exec_time double precision, OUT min_exec_time double precision, OUT max_exec_time double precision, OUT mean_exec_time double precision, OUT stddev_exec_time double precision, OUT rows bigint, OUT shared_blks_hit bigint, OUT shared_blks_read bigint, OUT shared_blks_dirtied bigint, OUT shared_blks_written bigint, OUT local_blks_hit bigint, OUT local_blks_read bigint, OUT local_blks_dirtied bigint, OUT local_blks_written bigint, OUT temp_blks_read bigint, OUT temp_blks_written bigint, OUT blk_read_time double precision, OUT blk_write_time double precision, OUT temp_blk_read_time double precision, OUT temp_blk_write_time double precision, OUT wal_records bigint, OUT wal_fpi bigint, OUT wal_bytes numeric, OUT jit_functions bigint, OUT jit_generation_time double precision, OUT jit_inlining_count bigint, OUT jit_inlining_time double precision, OUT jit_optimization_count bigint, OUT jit_optimization_time double precision, OUT jit_emission_count bigint, OUT jit_emission_time double precision); Type: ACL; Schema: public; Owner: -
--

GRANT ALL ON FUNCTION public.pg_stat_statements(showtext boolean, OUT userid oid, OUT dbid oid, OUT toplevel boolean, OUT queryid bigint, OUT query text, OUT plans bigint, OUT total_plan_time double precision, OUT min_plan_time double precision, OUT max_plan_time double precision, OUT mean_plan_time double precision, OUT stddev_plan_time double precision, OUT calls bigint, OUT total_exec_time double precision, OUT min_exec_time double precision, OUT max_exec_time double precision, OUT mean_exec_time double precision, OUT stddev_exec_time double precision, OUT rows bigint, OUT shared_blks_hit bigint, OUT shared_blks_read bigint, OUT shared_blks_dirtied bigint, OUT shared_blks_written bigint, OUT local_blks_hit bigint, OUT local_blks_read bigint, OUT local_blks_dirtied bigint, OUT local_blks_written bigint, OUT temp_blks_read bigint, OUT temp_blks_written bigint, OUT blk_read_time double precision, OUT blk_write_time double precision, OUT temp_blk_read_time double precision, OUT temp_blk_write_time double precision, OUT wal_records bigint, OUT wal_fpi bigint, OUT wal_bytes numeric, OUT jit_functions bigint, OUT jit_generation_time double precision, OUT jit_inlining_count bigint, OUT jit_inlining_time double precision, OUT jit_optimization_count bigint, OUT jit_optimization_time double precision, OUT jit_emission_count bigint, OUT jit_emission_time double precision) TO ezpage_db_user;


--
-- Name: FUNCTION pg_stat_statements_info(OUT dealloc bigint, OUT stats_reset timestamp with time zone); Type: ACL; Schema: public; Owner: -
--

GRANT ALL ON FUNCTION public.pg_stat_statements_info(OUT dealloc bigint, OUT stats_reset timestamp with time zone) TO ezpage_db_user;


--
-- Name: DEFAULT PRIVILEGES FOR SEQUENCES; Type: DEFAULT ACL; Schema: -; Owner: -
--

ALTER DEFAULT PRIVILEGES FOR ROLE postgres GRANT ALL ON SEQUENCES TO ezpage_db_user;


--
-- Name: DEFAULT PRIVILEGES FOR TYPES; Type: DEFAULT ACL; Schema: -; Owner: -
--

ALTER DEFAULT PRIVILEGES FOR ROLE postgres GRANT ALL ON TYPES TO ezpage_db_user;


--
-- Name: DEFAULT PRIVILEGES FOR FUNCTIONS; Type: DEFAULT ACL; Schema: -; Owner: -
--

ALTER DEFAULT PRIVILEGES FOR ROLE postgres GRANT ALL ON FUNCTIONS TO ezpage_db_user;


--
-- Name: DEFAULT PRIVILEGES FOR TABLES; Type: DEFAULT ACL; Schema: -; Owner: -
--

ALTER DEFAULT PRIVILEGES FOR ROLE postgres GRANT SELECT,INSERT,REFERENCES,DELETE,TRIGGER,TRUNCATE,UPDATE ON TABLES TO ezpage_db_user;


--
-- PostgreSQL database dump complete
--

